station,AEROPUERTO INTERNACI,ALCANTARILLA,ANDAHUASI,APLAO,AREQUIPA,AYABACA,BUENA VISTA,CAJATAMBO,CALANA,CAMANA,CAMAY,CANDARAVE,CAÑETE,CARAVELI,CAYALTI,CHICLAYO,CHIMBOTE,CHIQUIAN,CHIVAY,CHULUCANAS,CHUQUIBAMBA,CHUSIS,CONTUMAZA,COPARA,CORACORA,COTAHUASI,EL ESPINAL,EL FRAYLE,EL SALTO,FERREÑAFE,HACIENDA BERNALES,HUAMANI,HUANCANO,HUAYAN,IMATA,JAYANCA (LA VIÑA),LA ESPERANZA,LA HACIENDITA,LA JOYA,LA PAMPILLA,LAMBAYEQUE,LAREDO,LLAMA,LOCUMBA,LOMAS DE LACHAY,MALLARES,MATUCANA,MIRAFLORES,MOQUEGUA,MORROPON,MOTUPE,ÑAÑA,OCUCAJE,OLMOS,OMATE,PACARAN,PAMPA BLANCA,PAMPA DE MAJES,PAMPA DE VILLACURI
lat,-12.02424,-11.05028,-11.13361,-16.06944,-16.34378,-4.64389,-9.43361,-10.46694,-17.94889,-16.60667,-10.91325,-17.27111,-13.07506,-15.77139,-6.89778,-6.7813,-9.15054,-10.15028,-15.63806,-5.10167,-15.83806,-5.52528,-7.35583,-14.98278,-15.01694,-15.37472,-6.82556,-16.08472,-3.44056,-6.72833,-13.7625,-13.84722,-13.62694,-11.45028,-15.83667,-6.32167,-4.93194,-16.99917,-16.5925,-16.40339,-6.70361,-8.08361,-6.50806,-17.60972,-11.36694,-4.86417,-11.83939,-5.16944,-17.16917,-5.18361,-6.15028,-11.98881,-14.38361,-5.76222,-16.6775,-12.86206,-14.23722,-16.32778,-13.95028
long,-77.11091,-77.55028,-77.23361,-72.49056,-71.56606,-79.72861,-78.20028,-76.98361,-70.18611,-72.69694,-77.64917,-70.25389,-76.33069,-73.36167,-79.55889,-79.82648,-78.52591,-77.15028,-71.59694,-80.16944,-72.64861,-80.84722,-78.83028,-74.915,-73.78361,-72.89111,-79.21639,-71.18722,-80.32194,-79.77917,-75.96583,-75.59306,-75.67778,-77.11694,-71.08778,-79.77944,-81.06778,-71.58861,-71.91917,-71.51683,-79.92139,-78.85028,-79.11861,-70.76222,-77.36694,-80.74556,-76.37828,-80.62694,-70.93167,-79.98361,-79.73361,-76.83911,-75.66694,-79.86389,-70.9825,-76.05508,-75.10167,-72.21083,-75.80028
Z,22,133,806,624,2545,2835,215,4049,871,29,59,3441,114,1756,70,29,14,3344,3661,86,2832,5,2593,567,3177,5088,460,4269,2,42,295,1024,849,352,4446,79,6,282,1278,2393,15,253,2031,646,259,40,2418,41,1439,116,123,523,307,120,2065,687,1073,1442,438
Jan-2008,#N/A,23.65,#N/A,23.761290325,#N/A,13.087096775,25.28870968,9.917741937,21.037096775,#N/A,20.55,11.2645161275,#N/A,19.808064515,27.39032258,#N/A,#N/A,13.2467741935,11.224193547,27.32580645,9.370967741,26.47096774,14.077419355,24.8,12.0145161315,15.377419355,#N/A,7.51935484,#N/A,#N/A,23.537096775,21.777419355,#N/A,23.70483871,5.32924731,25.92580645,25.63387097,#N/A,20.25806452,16.038709675,23.562903225,#N/A,15.19516129,#N/A,22.456451615,27.2,14.56935484,27.48387097,19.933870965,26.82096774,#N/A,21.812903225,25.23387097,#N/A,17.99516129,23.567741935,21.772580645,19.27903226,#N/A
Feb-2008,#N/A,24.263793105,#N/A,23.44137931,#N/A,12.76896552,26.18793103,9.4551724145,20.687931035,#N/A,20.6137931,10.8724137935,#N/A,19.653448275,28.26551724,#N/A,#N/A,12.144827588,11.032758621,27.20862069,9.0655172395,27.41724138,13.774137935,25.796551725,11.43965517,15.386206897,#N/A,7.387931034,#N/A,#N/A,24.177458495,23.120689655,#N/A,24.75862069,5.6254926095,26.968965515,27.08103448,#N/A,19.779310345,15.50689655,25.38103448,#N/A,15.279310345,#N/A,24.018965515,27.956896555,14.337931035,28.062068965,20.05,26.681034485,#N/A,22.844827585,25.686206895,#N/A,17.598275865,24.47586207,23.12758621,19.30689655,#N/A
Mar-2008,#N/A,23.92096774,#N/A,22.89032258,#N/A,13.053225805,26.303225805,8.991935484,20.26935484,#N/A,20.58709677,11.033870967,#N/A,19.79516129,28.44516129,#N/A,#N/A,12.667741935,10.9193548395,27.27096774,9.3064516125,28.048387095,13.733870965,25.4516129,10.8629032235,15.5564516135,#N/A,7.2629032265,#N/A,#N/A,24.13870968,24.10645161,#N/A,24.125806455,4.8709677445,27.122580645,27.45096774,#N/A,19.62903226,15.482258065,25.506451615,#N/A,15.66935484,#N/A,23.99516129,28.325806455,14.167741935,28.45806452,19.90645161,26.81935484,#N/A,22.412903225,25.16612903,#N/A,17.045161289,24.762903225,23.772580645,19.07580645,#N/A
Apr-2008,#N/A,21.348333335,#N/A,20.771666665,#N/A,13.191666665,24.496666665,9.8116666685,17.20666667,#N/A,20.788333335,9.4183333335,#N/A,18.94,26.25333333,#N/A,#N/A,12.2250000015,10.1866666665,26.355,9.8099999985,25.936666665,14.1150000015,23.46833333,10.9266666685,15.163333335,#N/A,4.8983333335,#N/A,#N/A,22.858333335,23.16333333,#N/A,23.553333335,2.9333333335,25.263333335,26.061666665,#N/A,18.37666667,14.9016666685,22.415,#N/A,16.203333335,#N/A,22.57,27.345,14.795,26.623333335,18.863333335,26.011666665,#N/A,21.746666665,23.148333335,#N/A,16.2199999985,23.811666665,22.54166667,17.616666665,#N/A
May-2008,#N/A,17.658064515,#N/A,17.390322581,#N/A,13.503225805,21.256451615,9.761290322,14.427419355,#N/A,20.116129035,9.1870967725,#N/A,18.7516129035,23.396774195,#N/A,#N/A,11.8500000015,8.6419354835,23.967741935,9.761290321,23.49354839,13.946774193,20.112903225,10.1903225805,14.5048387095,#N/A,2.2193548405,#N/A,#N/A,18.432258065,19.848387095,#N/A,20.358064515,0.141935484999999,22.458064515,24.437096775,#N/A,17.3129032255,13.982258065,20.312903225,#N/A,16.406451615,#N/A,16.89516129,24.9,14.4596774175,24.1516129,18.2322580665,23.822580645,#N/A,20.532258065,19.6467741925,#N/A,15.7806451595,20.33064516,20.103225805,16.6064516115,#N/A
Jun-2008,#N/A,17.885,#N/A,15.9700000015,#N/A,13.645,20.1,10.361666665,13.181666665,#N/A,20.18333333,8.838333335,#N/A,18.5833333315,23.08,#N/A,#N/A,11.7883333335,8.5466666685,22.595,9.9266666685,21.99,14.0266666685,17.0816666665,10.7416666665,14.7916666685,#N/A,2.18,#N/A,#N/A,16.591666665,16.218333335,#N/A,18.353333335,-0.300000000000001,21.14,23.325,#N/A,15.9333333315,14.186666665,20.36166667,#N/A,17.54,#N/A,14.88,23.42166667,14.878333335,22.88333333,17.5300000015,22.358333335,#N/A,18.266666665,17.0016666665,#N/A,15.4800000015,17.698333335,17.53,15.7333333335,#N/A
Jul-2008,#N/A,18.27096774,#N/A,15.493548389,#N/A,13.446774192,20.28064516,9.6999999985,12.5161290335,#N/A,20.51612903,8.680645162,#N/A,18.427419357,22.44193548,#N/A,#N/A,11.056451613,8.9758064495,22.480645165,10.032258065,21.81612903,13.79032258,15.8451612905,10.56451613,15.0983870975,#N/A,1.832258065,#N/A,#N/A,16.530645165,15.1007526885,#N/A,17.18709677,-0.883870965,20.858064515,22.75645161,#N/A,15.764516127,13.9387096795,20.09032258,#N/A,18.47580645,#N/A,13.85483871,23.6,14.7290322575,22.7483871,17.506451614,22.55806452,#N/A,17.451612905,16.51935484,#N/A,14.993548387,17.4,16.974193547,15.6612903205,#N/A
Aug-2008,#N/A,17.753225805,#N/A,17.0016129045,#N/A,13.8838709695,20.95967742,10.5516129015,13.8225806455,#N/A,20.4983871,9.496774196,#N/A,18.545161292,22.812903225,#N/A,#N/A,12.153225807,9.406451612,22.8983871,9.9387096795,21.867741935,14.2596774215,18.248387095,11.085483869,14.7290322575,#N/A,1.9725806465,#N/A,#N/A,16.941935485,16.7096774205,#N/A,17.067741935,0.0829032249999999,21.24354839,22.737096775,#N/A,16.777419356,14.148387095,19.996774195,#N/A,17.612903225,#N/A,13.77419355,23.53870968,14.8435483855,22.84516129,18.3145161265,22.932258065,#N/A,16.68387097,17.4387096775,#N/A,15.522580643,18.26451613,19.58870968,16.429032259,#N/A
Sep-2008,#N/A,17.7,#N/A,17.726666665,#N/A,14.455,20.693333335,11.4116666665,15.0666666665,#N/A,20.103333335,9.6266666665,#N/A,19.493333335,22.926666665,#N/A,#N/A,12.9716666665,10.671666665,24.211666665,9.9800000015,22.296666665,15.1483333315,19.3883333315,11.9983333335,16.2550000015,#N/A,3.0383333335,#N/A,#N/A,17.77,17.893333335,#N/A,17.986666665,1.01,21.773333335,22.75166667,#N/A,17.5433333315,14.8000000015,19.75,#N/A,17.89833333,#N/A,13.06666667,24.613333335,15.8066666665,23.573333335,18.396666665,24.333333335,#N/A,17.553333335,18.5233333315,#N/A,15.736666665,19.26,20.858095235,16.9266666685,#N/A
Oct-2008,#N/A,18.019354835,#N/A,18.941935485,#N/A,14.011290325,21.24516129,10.6403225785,16.1516129,#N/A,20.337096775,11.048387098,#N/A,19.951612905,23.441935485,#N/A,#N/A,12.7096774215,11.8822580625,24.659677415,10.1903225805,22.03548387,14.67096774,21.26774194,12.6951612885,16.243548388,#N/A,5.672580643,#N/A,#N/A,18.080698925,19.270967745,#N/A,18.33225806,3.7709677405,22.02419355,22.45483871,#N/A,18.041935482,15.5629032265,19.55967742,#N/A,17.243548385,#N/A,13.18709677,24.39516129,15.99516129,23.42903226,18.8016129,24.51935484,#N/A,18.07419355,19.646774195,#N/A,16.8129032275,20.114516125,20.86985112,17.667741935,#N/A
Nov-2008,#N/A,19.318333335,#N/A,20.73666667,#N/A,13.4949999985,22.09,10.4866666685,17.33,#N/A,20.43666667,11.1250000015,#N/A,20.038333335,23.77333333,#N/A,#N/A,12.9997126455,12.5683333335,24.923333335,10.1866666665,22.28333333,14.3733333335,22.525,12.5999999985,16.9166666685,#N/A,6.2283333315,#N/A,#N/A,19.84,20.608333335,#N/A,19.146666665,4.73,22.793333335,22.418333335,#N/A,18.576666665,15.623333335,20.033333335,#N/A,16.403333335,#N/A,14.74,24.66833333,15.48327586,23.98333333,18.84333333,24.81666667,#N/A,19.688333335,21.803333335,#N/A,17.2033333315,21.35,21.613333335,17.965,#N/A
Dec-2008,#N/A,21.32903226,#N/A,22.02903226,#N/A,13.1467741935,23.787096775,10.146774196,18.687096775,#N/A,20.403225805,11.382258063,#N/A,19.522580645,25.196774195,#N/A,#N/A,12.716129031,11.3661290335,25.812903225,9.087096773,23.65483871,13.5774193555,23.743548385,#N/A,15.98064516,#N/A,7.062903224,#N/A,#N/A,21.921182795,21.629143495,#N/A,20.96129032,5.287096776,23.80322581,23.782258065,#N/A,19.058064515,15.5532258045,21.0983871,#N/A,15.561290325,#N/A,16.40967742,25.79516129,14.9274193535,25.393548385,19.10483871,26.019354835,#N/A,20.548387095,23.872580645,#N/A,17.2983870955,22.54193548,22.26129032,18.648387095,#N/A
Jan-2009,#N/A,23.33548387,#N/A,23.27903226,#N/A,13.08387097,25.45483871,9.925806452,20.206451615,#N/A,20.86129032,11.6612903205,#N/A,20.077419355,27.69677419,#N/A,#N/A,12.75967742,11.92580645,26.92096774,9.512903226,#N/A,13.99032258,25.409677415,12.4274193555,16.3983870945,#N/A,7.5806451615,#N/A,#N/A,24.006451615,22.72580645,#N/A,21.067741935,5.319354839,25.44193548,25.851612905,#N/A,19.819354835,16.283870965,23.612903225,#N/A,15.61612903,#N/A,18.22580645,27.846774195,15.072365595,27.729032255,19.87419355,26.598387095,#N/A,21.54193548,25.356451615,#N/A,18.030645165,24.108064515,22.912903225,19.18870968,#N/A
Feb-2009,#N/A,24.36607143,#N/A,24.06964286,#N/A,13.43571429,26.6375,9.65892857,21.0375,#N/A,20.655357145,11.1571428585,#N/A,20.30714286,28.485714285,#N/A,#N/A,12.790285715,11.5982142865,27.194642855,9.0107142865,27.04642857,14.298214285,26.225,11.70357143,15.873214287,#N/A,7.707142857,#N/A,#N/A,25.00357143,22.985714285,#N/A,20.5892857145,5.6223544965,26.3,27.208928575,#N/A,20.44642857,16.41607143,24.607142855,#N/A,15.648214285,#N/A,19.59285714,28.72857143,14.933002645,28.460714285,20.21607143,27.042857145,#N/A,22.08478836,26.11964286,#N/A,17.68392857,24.27142857,21.60357143,19.557142855,#N/A
Mar-2009,#N/A,24.114285715,#N/A,23.491935485,#N/A,13.55967742,26.43548387,9.730645159,20.33548387,#N/A,20.751612905,10.204838712,#N/A,20.267741935,28.441935485,#N/A,#N/A,12.9000000025,11.433870966,27.4483871,8.9258064515,26.951612905,14.61612903,26.090322585,#N/A,15.87903226,#N/A,7.5580645155,#N/A,#N/A,24.903225805,23.32903226,#N/A,20.429032257,5.377419353,26.419354835,27.09516129,#N/A,20.12580645,16.0645161285,24.30501792,#N/A,15.962903225,#N/A,19.45483871,29.05483871,14.862903225,28.62903226,20.03548387,27.10967742,#N/A,22.080645165,26.627419355,#N/A,17.95645161,24.727419355,22.46451613,19.36129032,#N/A
Apr-2009,#N/A,22.523333335,#N/A,21.8,#N/A,13.92,25.235,10.6349999985,18.64666667,#N/A,20.47166667,10.453333335,#N/A,20.025,27.423333335,#N/A,#N/A,12.7649999985,11.1866666665,26.891666665,10.236666665,25.683333335,14.71833333,24.19166667,12.1599999985,16.611666665,#N/A,6.51,#N/A,#N/A,23.58,23.01,#N/A,20.6866666665,4.5533333315,18.38666667,26.125,#N/A,19.41,15.9366666685,23.07,#N/A,16.52333333,#N/A,21.95333333,28.223333335,15.125,#N/A,19.25833333,26.843333335,#N/A,21.473333335,22.82666667,#N/A,17.683333335,23.95666667,21.243333335,18.17,#N/A
May-2009,#N/A,19.306451615,#N/A,19.095161295,#N/A,14.241935485,22.637096775,10.3322580665,16.537096775,#N/A,20.03387097,9.4483870945,#N/A,19.227419355,24.853225805,#N/A,#N/A,12.808064516,9.6419354865,25.97580645,10.0580645175,23.796774195,14.432258062,21.84516129,11.030645162,15.6822580635,#N/A,3.841935485,#N/A,#N/A,20.658172045,21.08064516,#N/A,18.0419354815,1.877419354,17,24.87096774,#N/A,17.825806454,14.858064516,21.282258065,#N/A,16.94354839,#N/A,19.27096774,26.47419355,15.7417130155,25.15806452,18.0483871,25.861290325,#N/A,19.712903225,#N/A,#N/A,16.956451612,21.932258065,20.132258065,16.6467741925,#N/A
Jun-2009,#N/A,18.443333335,#N/A,16.2350000015,#N/A,14.09166667,20.92,10.5383333315,14.2516666665,#N/A,20.53666667,7.456666665,#N/A,19.516666665,23.08,#N/A,#N/A,12.2150000015,8.4762962965,24.038333335,10.0633333315,22.173333335,14.3366666665,17.901666665,10.8783333315,16.0500000015,#N/A,1.30333333,#N/A,#N/A,17.15275862,16.796666665,#N/A,16.07666667,-0.96,16.26666667,23.358333335,#N/A,16.8699999985,14.0949999985,20.553333335,#N/A,17.858333335,#N/A,15.82333333,24.51833333,15.3966666665,23.47666667,17.956666665,23.988333335,#N/A,17.58666667,17.8566666665,#N/A,15.926666665,18.765,17.83,16.7716666665,#N/A
Jul-2009,#N/A,18.69032258,#N/A,15.611290324,#N/A,14.317741935,20.2,10.37419355,13.151612904,#N/A,20.243548385,8.5564516115,#N/A,19.322580645,22.37419355,#N/A,#N/A,12.8741935465,8.814516127,24.14516129,10.122580643,21.89032258,14.7370967745,17.3467741925,10.8983870955,16.3258064505,#N/A,1.6435483875,#N/A,#N/A,17.13005376,16.748387095,#N/A,15.377419355,-0.22002225,15.61935484,23.166129035,#N/A,16.706451614,15.041935485,19.58870968,#N/A,18.78548387,#N/A,15.51935484,24.46612903,15.179032256,23.19354839,17.8919354835,24.13548387,#N/A,17.45317019,16.8193548365,#N/A,15.875806451,18.22580645,18.09032258,16.8758064525,#N/A
Aug-2009,#N/A,17.34354839,#N/A,16.4338709655,#N/A,14.646774195,20.05645161,11.408064515,13.3580645185,#N/A,20.027419355,8.853225804,#N/A,19.4048387115,22.112903225,#N/A,#N/A,12.3516129025,9.2532258065,24.343548385,10.122580646,21.45483871,14.914516129,#N/A,11.593548385,16.4467741935,#N/A,2.1903225805,#N/A,#N/A,16.93548387,#N/A,#N/A,15.45483871,-0.0322580649999997,20.86989247,22.03064516,#N/A,16.7161290345,15.116129034,19.05,#N/A,17.763333335,#N/A,14.091935485,23.741935485,15.4999999995,22.777419355,18.1306451625,24.103225805,#N/A,17.703225805,17.701612903,#N/A,16.2806451605,18.433870965,18.49354839,16.81612903,#N/A
Sep-2009,#N/A,17.575,#N/A,17.7449999985,#N/A,15.39,20.696666665,11.883333335,14.9183333315,#N/A,20.26166667,10.3566666665,#N/A,20.415,22.50333333,#N/A,#N/A,13.2833333335,11.2783333315,25.226666665,10.8766666665,21.926666665,15.3066666685,19.2249999985,12.9700000015,16.3583333335,#N/A,4.4200000015,#N/A,#N/A,17.61229885,18.205,#N/A,15.913333335,2.2599999985,21.31,22.376666665,#N/A,17.8,16.4816666685,19.555,#N/A,19.048333335,#N/A,14.425,24.503333335,16.1583333335,#N/A,19.143333335,24.738333335,#N/A,18.276666665,18.708333335,#N/A,17.085,19.073333335,19.60614035,17.95,#N/A
Oct-2009,#N/A,18.37096774,#N/A,19.65322581,#N/A,15.27096774,21.31935484,11.1048387105,16.35,#N/A,20.338709675,12.4016129025,#N/A,20.682258065,23.251612905,#N/A,#N/A,12.9451612925,12.5580645155,25.896774195,13.5202150515,21.92580645,15.19032258,21.68356855,12.896774194,17.362903225,#N/A,5.888709675,#N/A,#N/A,19.26129032,19.783870965,#N/A,17.361290325,3.8741935465,22.16451613,21.914516125,#N/A,18.5967741925,16.364516128,19.543548385,#N/A,17.820967745,#N/A,15.54032258,24.908064515,16.386935485,23.751612905,19.47096774,25.687096775,#N/A,19.05967742,20.853225805,#N/A,17.520967742,20.88064516,21.79280397,18.609677415,#N/A
Nov-2009,#N/A,19.70166667,#N/A,21.251666665,#N/A,14.785,22.28666667,10.8666666685,18.801666665,#N/A,20.365,12.7783333335,#N/A,20.955,23.90333333,#N/A,#N/A,13.2116666665,12.6150000015,26.038333335,14.33,22.75333333,14.903333335,22.249347825,13.3733333335,17.54166667,#N/A,7.3916666665,#N/A,#N/A,20.19166667,20.983333335,#N/A,18.173333335,5.661666665,22.583333335,22.623333335,#N/A,19.45333333,16.916666665,20.48833333,#N/A,17.495,#N/A,17.85166667,25.38333333,16.095,24.303333335,19.73666667,26.08,#N/A,19.63333333,21.816666665,#N/A,18.715,21.48333333,21.64333333,19.05333333,#N/A
Dec-2009,#N/A,21.251612905,#N/A,22.112903225,#N/A,14.55,23.667741935,10.7451612885,19.911290325,#N/A,20.270967745,12.7403225825,#N/A,20.89516129,26.277419355,#N/A,#N/A,13.308064518,12.740322582,27.11129032,13.932258066,24.803225805,15.22903226,23.825806455,13.212903224,17.1612903235,#N/A,7.2951612915,#N/A,#N/A,21.45806452,21.34354839,#N/A,17.941935485,5.9451612895,24.567741935,24.8483871,#N/A,19.73870968,16.5274193545,22.837096775,#N/A,16.819354835,#N/A,18.73548387,26.925806455,16.087096775,26.31935484,19.69032258,26.661290325,#N/A,20,23.196774195,#N/A,18.72419355,21.812903225,22.296774195,18.859677415,#N/A
Jan-2010,#N/A,23.241935485,#N/A,23.01451613,#N/A,14.375806455,25.514516125,11.272580646,20.325806455,#N/A,20.435483875,13.356451613,#N/A,21.148387095,27.95483871,#N/A,#N/A,13.745161289,12.672580644,27.81129032,14.26129032,27.3,15.55967742,23.296774195,13.6112903245,17.664516125,#N/A,8.7709677405,#N/A,#N/A,23.627419355,22.348387095,#N/A,18.787096775,6.4064516115,25.73548387,26.762903225,#N/A,20.732258065,17.33387097,25.027419355,#N/A,17.04516129,#N/A,20.733870965,28.601612905,16.31026882,28.351612905,20.261290325,27.54516129,#N/A,20.9516129,24.403225805,#N/A,19.03387097,23.396774195,22.816129035,19.23387097,#N/A
Feb-2010,#N/A,25.014285715,#N/A,24.719642855,#N/A,14.948214285,26.83392857,11.932142857,21.939285715,#N/A,20.523214285,13.6946428595,#N/A,22.0875,28.407142855,#N/A,#N/A,13.396428572,13.032142857,27.6,15.2,#N/A,15.85714286,25.30714286,14.605357145,18.316071425,#N/A,9.0285714285,#N/A,#N/A,24.898214285,23.303571425,#N/A,20.84285714,6.514285715,26.5,27.42142857,#N/A,21.935714285,18.51607143,25.42321429,#N/A,17.585714285,#N/A,23.57142857,28.90535714,16.67857143,28.814285715,21.01607143,27.410714285,#N/A,22.21071429,26.142857145,#N/A,19.673214285,24.90535714,23.578571425,20.205357145,#N/A
Mar-2010,#N/A,24.298387095,#N/A,23.26935484,#N/A,14.982258065,26.522580645,11.6596774185,20.05967742,#N/A,20.782258065,13.250000001,#N/A,21.498387095,28.064516125,#N/A,#N/A,13.0403225805,13.2564516115,27.57419355,14.88064516,27.977419355,15.501612905,25.237096775,14.079032257,18.211290325,#N/A,9.0516129025,#N/A,#N/A,24.391935485,23.72580645,#N/A,20.822580645,6.6431182815,26.39677419,27.558064515,#N/A,20.82580645,17.49354839,24.512903225,#N/A,17.737096775,#N/A,22.57580645,29.117741935,16.46451613,28.812903225,20.5,27.3,#N/A,21.970967745,26.38709677,#N/A,19.48064516,24.946774195,23.98387097,19.427419355,#N/A
Apr-2010,#N/A,22.805,#N/A,21.988333335,#N/A,14.871666665,25.35,11.8033333315,19.095,#N/A,20.885,11.6749999985,#N/A,21.111666665,26.756666665,#N/A,#N/A,13.2633333315,12.3516666685,27.03,14.433333335,26.66,15.26,24.26166667,13.3116666665,16.9616666685,#N/A,7.6899999985,#N/A,#N/A,22.64954023,23.01,#N/A,20.433333335,5.4266666685,25.42,26.66,#N/A,19.3,16.943333335,23.138333335,#N/A,16.73,#N/A,21.565,28.16666667,16.386666665,27.28666667,19.52833333,26.57,#N/A,20.913333335,24.74166667,#N/A,19.293333335,23.766666665,22.79333333,18.816666665,#N/A
May-2010,#N/A,19.76774194,#N/A,20.4016129,#N/A,14.646774195,22.40967742,11.2806451595,16.44516129,#N/A,20.47419355,9.514516128,#N/A,20.101612905,24.73548387,#N/A,#N/A,12.603225808,10.4225806435,25.911290325,13.425806451,24.31612903,14.830645163,21.333870965,11.97903226,15.7645161295,#N/A,4.5693548395,#N/A,#N/A,19.64516129,19.97419355,#N/A,17.438709675,3.0258064515,23.27096774,24.767741935,#N/A,18.40645161,15.6580645145,21.27419355,#N/A,17.28387097,#N/A,17.708064515,26.39677419,16.182258064,25.003225805,18.49516129,25.80645161,#N/A,19.177419355,21.60483871,#N/A,18.506451615,21.18064516,21.02580645,18.07903226,#N/A
Jun-2010,#N/A,17.47333333,#N/A,16.8250000015,#N/A,14.30333333,20.071666665,10.4933333315,13.273333335,#N/A,20.48666667,7.5566666665,#N/A,19.64833333,22.45,#N/A,#N/A,11.9966666665,10.705,24.676666665,13.5066666665,22.87,14.486666665,18.13,12.035,15.1433333315,#N/A,4.193793105,#N/A,#N/A,17.241379315,17.32551724,#N/A,15.626666665,2.03,21.57,23.511666665,#N/A,16.676666665,15.076666665,19.67333333,#N/A,16.856666665,#N/A,15.271666665,24.748333335,15.2499999985,23.366666665,18.1583333315,24.57666667,#N/A,17.13,17.761666665,#N/A,17.2033333315,18.61333333,19.136666665,16.746666665,#N/A
Jul-2010,#N/A,15.85,#N/A,14.998387098,#N/A,14.29516129,18.412903225,10.1951612925,12.1887096765,#N/A,19.772580645,6.3951612895,#N/A,18.3145161295,20.65483871,#N/A,#N/A,11.4129032255,9.1290322585,23.433870965,12.416129031,21.196774195,14.0612903205,16.5790322575,10.8870967735,15.1935483885,#N/A,1.312903225,#N/A,#N/A,16.11064516,16.1725806435,#N/A,#N/A,-0.432258065,19.73548387,21.47222222,#N/A,14.9354838725,13.8677419375,18.16935484,#N/A,16.3516129,#N/A,12.882258065,23.501612905,14.164516128,22.077419355,16.508064516,23.270967745,#N/A,16.541935485,16.2306451595,#N/A,16.095161291,17.558064515,17.78387097,15.290322582,#N/A
Aug-2010,#N/A,15.993548385,#N/A,16.57903226,#N/A,14.4467741945,18.61451613,10.9129032265,13.4967741935,#N/A,19.05483871,8.7274193535,#N/A,19.69354839,20.306451615,#N/A,#N/A,20.6483871,11.067741937,23.553225805,13.4645161275,20.89032258,14.277419357,17.8435483865,12.4258064535,16.3290322565,#N/A,3.6451612885,#N/A,#N/A,15.738709675,16.7854838705,#N/A,15.55483871,1.406451615,20.05483871,20.641935485,#N/A,17.222580643,15.380645163,17.79354839,#N/A,17.23387097,#N/A,13.417741935,23.388709675,14.693548389,21.996774195,18.2516129035,23.61129032,#N/A,16.333870965,17.772580647,#N/A,16.7290322585,18.0483871,19.37419355,16.882258063,#N/A
Sep-2010,#N/A,16.575,#N/A,18.1383333335,#N/A,14.455,19.363333335,11.1633333335,14.753333335,#N/A,18.855,11.2716666685,#N/A,19.465,20.85333333,#N/A,#N/A,12.491304348,11.8866666685,23.625,13.073333335,20.84,14.5116666665,19.998333335,12.9466666665,16.3649999985,#N/A,4.7266666685,#N/A,#N/A,17.78666667,18.93333333,#N/A,16.686666665,2.415,20.55,20.656666665,#N/A,16.79,15.2533333315,17.868333335,#N/A,16.14,#N/A,14.47666667,23.061666665,15.531666665,21.93,18.2550000015,23.556666665,#N/A,17.759195405,18.9749999985,#N/A,16.87,19.623333335,19.87,16.9683333335,#N/A
Oct-2010,#N/A,17.222580645,#N/A,18.922580645,#N/A,14.438709678,20.033870965,10.8370967735,15.875806452,#N/A,18.18870968,11.033870967,#N/A,19.185483871,20.922580645,#N/A,#N/A,12.241935482,11.746774193,23.90483871,12.6322580635,21.241935485,14.183870966,20.717741935,12.724193551,16.041935485,#N/A,4.8532258055,#N/A,#N/A,17.86612903,19.62580645,#N/A,17.658064515,3.338709677,20.56451613,21.087096775,#N/A,17.0387096755,15.2241935495,18.132258065,#N/A,16.225806455,#N/A,15.05,23.40322581,15.608064518,22.174193545,18.432258065,24.18064516,#N/A,18.503225805,19.712903225,#N/A,16.6645161285,19.8,20.474193545,17.585483875,#N/A
Nov-2010,#N/A,18.576666665,#N/A,20.015,#N/A,13.3399999985,21.09333333,9.9266666685,17.031666665,#N/A,18.386666665,10.5216666685,#N/A,18.7416666665,21.743333335,#N/A,#N/A,12.4550000015,11.8433333335,24.32833333,11.9699999985,21.45,13.278333335,21.613333335,12.1083333335,15.6383333315,#N/A,4.6133333335,#N/A,#N/A,19.23925287,20.893333335,#N/A,18.70333333,4.0525,21.39,21.34166667,#N/A,16.9033333335,14.5066666665,18.65166667,#N/A,15.108333335,#N/A,16.81,24.125,15.3016666685,22.48666667,18.201666665,24.733333335,#N/A,18.76,20.881666665,#N/A,17.0983333315,20.615,21.05,17.32,#N/A
Dec-2010,#N/A,20.60806452,#N/A,21.417741935,#N/A,12.914516131,23.61451613,9.224193546,18.108064515,#N/A,18.21612903,11.3080645155,#N/A,19.496774195,24.387096775,#N/A,#N/A,12.2145161275,11.703225807,25.85806452,11.861290321,24.04193548,14.0483870945,23.791935485,12.3741935505,15.595161292,#N/A,7.0741935495,#N/A,#N/A,21.55967742,22.15483871,#N/A,21.580645165,5.7838709685,23.448387095,23.65,#N/A,17.941935485,15.44032258,20.95,#N/A,14.673333335,#N/A,19.23548387,25.977419355,14.932258065,24.78064516,18.69516129,26.193548385,#N/A,19.73548387,22.9,#N/A,16.7516129015,22.49032258,22.22580645,17.86774194,#N/A
Jan-2011,#N/A,22.77903226,#N/A,23.00967742,#N/A,13.072580645,24.99677419,9.2145161265,19.772580645,#N/A,19.024193545,11.5112903245,#N/A,20.270967745,26.50967742,#N/A,#N/A,12.464516131,12.311290324,27.20483871,11.9677419355,25.81935484,13.650000001,25.37580645,12.3016129015,16.3564516125,#N/A,7.500000002,#N/A,#N/A,23.332258065,23.32903226,#N/A,23.322580645,6.0870967765,24.96129032,25.424193545,#N/A,19.477419355,15.601612905,22.543548385,#N/A,14.75483871,#N/A,21.174193545,27.75483871,15.372580645,26.819354835,19.735483875,27.362903225,#N/A,20.712903225,24.83064516,#N/A,18.070967745,23.929032255,23.03548387,18.898387095,#N/A
Feb-2011,#N/A,23.96785714,#N/A,24.146428575,#N/A,13.010714288,25.9875,9.2428571435,21.275,#N/A,19.626785715,8.980357142,#N/A,20.4125,27.91785714,#N/A,#N/A,12.342857142,11.1124999985,27.80357143,11.364285713,27.24642857,13.8232142865,26.169642855,11.9321428585,15.773214285,#N/A,7.016071427,#N/A,#N/A,23.79464286,23.757275135,#N/A,24.45714286,5.910317459,26.08214286,26.685714285,#N/A,20.678571425,15.75,24.339285715,#N/A,14.521428575,#N/A,23.598214285,28.826785715,15.56964286,28.14285714,20.430357145,27.635714285,#N/A,21.95,26.04642857,#N/A,17.9125,24.683928575,23.953571425,19.5125,#N/A
Mar-2011,#N/A,22.203225805,#N/A,22.18387097,#N/A,13.0274193545,24.991935485,9.180645163,19.132258065,#N/A,19.362903225,11.820967742,#N/A,19.903225805,26.648387095,#N/A,#N/A,12.4241935485,11.0048387075,28.28064516,11.6774193535,26.36129032,13.630645163,25.23548387,11.3112903245,16.187096776,#N/A,7.222580644,#N/A,#N/A,22.7016129,24.090322585,#N/A,23.91935484,5.6129032255,25.112903225,25.882258065,#N/A,19.20967742,15.43387097,23.277419355,#N/A,15.20483871,#N/A,22.924193545,29.23548387,15.372580645,27.708064515,19.70483871,28.24354839,#N/A,22.203225805,24.688709675,#N/A,18.046774195,24.335483875,23.522580645,18.65967742,#N/A
Apr-2011,#N/A,21.306666665,#N/A,21.305,#N/A,13.658333335,24.478333335,10.066666665,18.223333335,#N/A,19.235,9.483333335,#N/A,19.79666667,26.03,#N/A,#N/A,12.9049999985,11.6966666685,27.653333335,12.373333335,26.173333335,14.166666665,24.21,12.0716666665,15.9783333335,#N/A,7.093333335,#N/A,#N/A,22.428333335,23.106666665,#N/A,22.97666667,5.1433333335,18.35333333,25.816666665,#N/A,18.903333335,15.5066666665,22.50833333,#N/A,15.33,#N/A,20.83166667,28.77833333,15.2,27.193333335,19.361666665,26.996666665,#N/A,21.07666667,23.748793105,#N/A,17.831666665,23.748333335,22.94,18.35333333,#N/A
May-2011,#N/A,19.587096775,#N/A,18.41935484,#N/A,14.141935485,22.229032255,10.783870966,15.87580645,#N/A,19.862903225,8.82096774,#N/A,20.31935484,24.59354839,#N/A,#N/A,11.7677419355,10.6467741925,26.05483871,13.306451613,24.86774194,14.193548388,20.293548385,12.22096774,15.69516129,#N/A,4.948387099,#N/A,#N/A,18.79354839,19.11935484,#N/A,19.09354839,3.1258064535,16.89032258,24.837096775,#N/A,17.8032258065,15.572580646,22.056451615,#N/A,16.14516129,#N/A,17.5016129,26.590322585,15.338709676,25.277419355,19.177419355,25.562903225,#N/A,18.916129035,19.645161295,#N/A,16.929032258,20.29032258,20.50322581,18.18870968,#N/A
Jun-2011,#N/A,19.60833333,#N/A,17.45666667,#N/A,14.35666667,21.54833333,10.1983333335,14.5150000015,#N/A,20.09166667,8.7966666665,#N/A,19.74,23.523333335,#N/A,#N/A,11.7016666665,9.6433333335,25.396666665,12.4033333315,23.823333335,14.1583333335,17.721666665,11.5083333335,15.7133333315,#N/A,2.8300000015,#N/A,#N/A,18.173793105,17.33873563,#N/A,18.68,0.75,16.34666667,24.14,#N/A,16.413333335,14.6783333335,21.333448275,#N/A,16.311666665,#N/A,16.78,26.01,15.1100000015,24.64,18.1300000015,25.151666665,#N/A,16.95,18.563333335,#N/A,16.5366666685,18.938333335,18.58666667,17.005,#N/A
Jul-2011,#N/A,17.27419355,#N/A,16.4854838705,#N/A,13.8403225805,19.48870968,9.725806453,13.65,#N/A,19.93064516,8.596774194,#N/A,19.177419355,21.6483871,#N/A,#N/A,11.958064516,8.9241935485,23.75967742,11.9161290325,21.941935485,14.159677418,17.4338709655,10.8758064525,15.2758064505,#N/A,2.1016129035,#N/A,#N/A,17.47903226,16.79580645,#N/A,16.403225805,0.700000000499999,14.56129032,22.3516129,#N/A,15.8903225795,14.343548386,19.675806455,#N/A,17.129032255,#N/A,#N/A,24.25,#N/A,22.606451615,17.8951612915,23.79193548,#N/A,#N/A,18.132258065,#N/A,16.3500000005,18.21129032,18.26451613,16.653225807,#N/A
Aug-2011,#N/A,16.25,#N/A,16.561290325,#N/A,14.6564516135,19.325806455,10.8080645175,13.5645161305,#N/A,19.446774195,10.064516131,#N/A,19.99032258,20.863333335,#N/A,#N/A,12.2290322555,10.379032256,24.182258065,12.7016129045,21.477419355,14.225806452,17.617741938,12.153225805,16.3080645165,#N/A,3.462903224,#N/A,#N/A,16.365906565,16.446666665,#N/A,15.70967742,1.483870968,13.93548387,21.240322585,#N/A,17.948387099,14.9838709655,18.95967742,#N/A,16.927419355,#N/A,13.143548385,24.38548387,14.61612903,22.741935485,18.658064515,24.301612905,#N/A,17.20967742,17.437096776,#N/A,16.3790322595,17.658064515,18.783870965,17.280645161,#N/A
Sep-2011,#N/A,16.74,#N/A,18.028333335,#N/A,14.85,19.911666665,11.456666665,15.065,#N/A,19.46666667,11.9866666665,#N/A,20.34,#N/A,#N/A,#N/A,12.481666665,11.6750000015,24.715,13.0000000015,21.79,14.8166666685,20.353333335,13.3866666685,16.8250000015,#N/A,4.5616666665,#N/A,#N/A,17.657586205,18.733333335,#N/A,17.23,2.626666665,21.33,21.065,#N/A,19.88333333,15.868333335,18.555057475,#N/A,16.741666665,#N/A,13.611666665,24.6,16.611666665,23.18333333,19.21833333,24.68333333,#N/A,17.626666665,19.3783333335,#N/A,17.533333335,19.786666665,20.50666667,17.9316666665,#N/A
Oct-2011,#N/A,17.661290325,#N/A,19.132258065,#N/A,13.611290324,20.458064515,10.1806451605,16.432258066,#N/A,19.44516129,11.0967741925,#N/A,19.096774196,#N/A,#N/A,#N/A,12.3935483875,10.9887096795,24.388709675,11.3322580635,21.377419355,13.9951612885,31.20645161,12.1516129035,16.058064518,#N/A,4.3967741925,#N/A,#N/A,18.196774195,19.58666667,#N/A,18.39032258,3.0353763425,21.56451613,21.091935485,#N/A,16.9096774175,14.548387097,19.091935485,#N/A,14.81935484,#N/A,15.485483875,24.15322581,15.722580646,22.87096774,18.1725806435,24.448387095,#N/A,18.23548387,20.07096774,#N/A,17.3338709665,20.141935485,20.64516129,16.985483871,#N/A
Nov-2011,#N/A,19.481666665,#N/A,20.775,#N/A,13.8366666685,22.295,10.4400000015,17.811666665,#N/A,19.581666665,11.6,#N/A,19.973333335,15.68333333,#N/A,#N/A,12.8266666685,12.7583333315,25.771666665,12.0233333315,23.09,14.7533333315,32.15333333,13.2433333315,17.0116666685,#N/A,6.743333335,#N/A,#N/A,19.471666665,20.407471265,#N/A,19.99,5.086666665,23.431666665,22.295,#N/A,18.3499999985,15.8016666685,20.516666665,#N/A,15.279802955,#N/A,17.67666667,25.68,15.928333335,24.636666665,19.088333335,25.93333333,#N/A,18.83,22.315,#N/A,18.811666665,21.133333335,21.61333333,17.97833333,#N/A
Dec-2011,#N/A,21.252688175,#N/A,22.091935485,#N/A,13.56290323,23.872580645,9.8483870945,19.403225805,#N/A,19.696774195,10.6338709695,#N/A,20.14677419,17.75483871,#N/A,#N/A,12.683870969,11.7935483865,26.667741935,12.093548386,24.803225805,14.59354839,31.91612903,12.959677418,16.5290322575,#N/A,7.061290324,#N/A,#N/A,21.984301075,21.68387097,#N/A,21.99677419,5.0405376365,24.6516129,24.3483871,#N/A,19.348387095,15.9629032275,22.006182795,#N/A,14.88225806,#N/A,19.91774194,27.02419355,15.65967742,26.122580645,19.4,26.877419355,#N/A,19.393548385,23.535483875,#N/A,18.45322581,22.883870965,22.277419355,18.52096774,#N/A
Jan-2012,#N/A,22.90967742,#N/A,23.341935485,#N/A,13.188709675,25.651612905,9.7645161295,20.382258065,#N/A,20.156451615,10.617741934,#N/A,19.877419355,19.83870968,#N/A,#N/A,12.909677419,11.293548388,27.816129035,11.203225808,26.98064516,14.287096775,24.98673835,12.7048387075,16.603225805,#N/A,7.0612903245,#N/A,#N/A,23.384301075,23.0483871,#N/A,24.038709675,5.367741935,25.79032258,26.091935485,#N/A,20.19032258,15.76129032,24.008064515,#N/A,14.508064515,#N/A,22.84193548,28.39516129,15.898387095,28.077419355,19.966129035,27.25,#N/A,21.02580645,25.33376344,#N/A,18.458064515,24.41129032,23.793548385,18.898387095,#N/A
Feb-2012,#N/A,24.21896552,#N/A,24.987931035,#N/A,13.093103445,26.45,9.344827584,21.277586205,#N/A,20.387931035,10.1172413815,#N/A,20.362068965,20.59310345,#N/A,#N/A,12.8793103445,10.689655173,27.39310345,10.9620689645,27.88275862,13.92586207,25.897062575,11.820689654,15.906896553,#N/A,7.0448275865,#N/A,#N/A,24.5955665,23.5,#N/A,24.862068965,5.4310344835,26.54827586,26.879310345,#N/A,21.04137931,15.25,25.071551725,#N/A,14.91724138,#N/A,23.655172415,28.970689655,14.92758621,28.46551724,19.777586205,27.027586205,#N/A,22.87586207,26.218965515,#N/A,18.020689655,24.910344825,23.489655175,19.82758621,#N/A
Mar-2012,#N/A,24.12462366,#N/A,24.798387095,#N/A,14.288709675,26.546774195,10.588709678,21.491935485,#N/A,20.87580645,11.895161288,#N/A,21.16451613,20.54193548,#N/A,#N/A,12.862903225,11.5580645145,27.41451613,12.108064518,27.951612905,15.04032258,25.70967742,12.674193549,16.67096774,#N/A,7.7903225795,#N/A,#N/A,25.093548385,23.99516129,#N/A,24.93225806,5.661290325,27.18064516,27.375806455,#N/A,21.277419355,16.33064516,25.04032258,#N/A,16.10967742,#N/A,23.40967742,29.743548385,15.551612905,28.738709675,21.30967742,27.258064515,#N/A,23.15483871,26.41935484,#N/A,18.27096774,25.167741935,24.196774195,20.327419355,#N/A
Apr-2012,#N/A,22.893333335,#N/A,23.12,#N/A,13.835,25.521666665,10.2383333315,19.405,#N/A,20.896666665,11.411666665,#N/A,19.77,20.56,#N/A,#N/A,12.6933333335,11.216666665,26.946666665,11.4000000015,27.696666665,14.263333335,24.258333335,11.8766666665,16.2983333315,#N/A,6.9,#N/A,#N/A,23.846666665,22.93952381,#N/A,24.003333335,5.2566666685,26.503333335,27.17166667,#N/A,19.43,15.536666665,24.66,#N/A,15.586666665,#N/A,22.57666667,29.306666665,15.298333335,28.013333335,19.59350575,26.67,#N/A,22.16666667,24.426666665,#N/A,18.225,24.128333335,23.11,18.865,#N/A
May-2012,#N/A,20.40483871,#N/A,19.58548387,#N/A,13.898387095,23.42314815,11.3129032275,16.2112903245,#N/A,20.580645165,10.5387096795,#N/A,20.103225805,17.96774194,#N/A,#N/A,12.540322583,9.879032258,25.879032255,12.245161288,26.041935485,14.7854838715,21.531827955,11.8483870955,16.303225804,#N/A,4.253225808,#N/A,#N/A,19.83147942,20.325806455,#N/A,20.69032258,2.667741938,24.729032255,25.97580645,#N/A,18.309677421,14.68548387,23.196774195,#N/A,16.393548385,#N/A,19.09032258,27.79354839,15.8806451615,26.270967745,18.887096775,25.691935485,#N/A,20.374193545,21.14032258,#N/A,16.6838709675,21.498387095,20.651612905,17.43064516,#N/A
Jun-2012,#N/A,19.98,#N/A,18.14833333,#N/A,14.158333335,22.371666665,11.08,15.0233333315,#N/A,20.54,8.9400000015,#N/A,19.443333335,17.9,#N/A,#N/A,12.13,8.5933333335,25.29,11.5100000015,24.67666667,14.2983333335,19.398333335,11.2916666685,16.1566666665,#N/A,2.39,#N/A,#N/A,18.268965515,17.426666665,#N/A,19.07333333,0.726666669999999,23.336666665,24.82,#N/A,17.6000000015,14.1016666665,22.88166667,#N/A,17.16,#N/A,17.653333335,26.515,15.5216666665,25.48333333,18.6483333335,25.218333335,#N/A,17.976666665,18.88666667,#N/A,15.9599999985,19.498333335,18.936666665,17.075,#N/A
Jul-2012,#N/A,19.05483871,#N/A,16.661290321,#N/A,14.4225806445,21.23870968,11.33064516,14.1,#N/A,20.33870968,9.2451612915,#N/A,19.3,23.567245655,#N/A,#N/A,12.6451612915,9.0387096785,23.46129032,12.261290324,22.88387097,14.814516131,17.6354838715,12.0403225805,16.659677417,#N/A,2.6306451595,#N/A,#N/A,17.48064516,15.693548387,#N/A,18.370967745,0.483870965,21.8,23.14516129,#N/A,16.912903227,14.4612903245,21.227419355,#N/A,17.55645161,#N/A,16.551612905,24.458064515,15.7336559155,23.52903226,17.888709676,23.92903226,#N/A,16.541935485,17.80967742,#N/A,15.2967741925,18.232258065,17.512903225,16.3564516105,#N/A
Aug-2012,#N/A,17.282258065,#N/A,16.83064516,#N/A,14.503225805,19.61935484,12.096774191,13.7048387095,#N/A,20.058064515,9.837096773,#N/A,19.561290322,21.031989245,#N/A,#N/A,12.3661290325,10.103225804,23.35806452,12.374193549,22.17419355,14.393548386,18.217741934,12.372580644,17.062903227,#N/A,3.519354838,#N/A,#N/A,17.090322585,16.119354839,#N/A,16.28064516,0.87096774,20.812903225,21.812903225,#N/A,16.4096774185,15.1854838725,19.82580645,#N/A,17.13387097,#N/A,13.78870968,23.99354839,16.245161292,22.835483875,17.829032256,24.225806455,#N/A,14.870967741,17.61129032,#N/A,15.6241935485,17.874193545,17.65516129,16.4112903235,#N/A
Sep-2012,#N/A,18.091666665,#N/A,18.63,#N/A,15.045,20.743333335,12.1783333315,15.5433333335,#N/A,20.163333335,11.665,#N/A,20.765,21.11333333,#N/A,#N/A,12.606666665,11.7933333315,24.823333335,13.0999999985,22.74666667,15.0033333335,20.26333333,13.8783333315,17.641666665,#N/A,5.5383333315,#N/A,#N/A,18.18666667,18.446666665,#N/A,17.786666665,3.0633333315,21.61666667,21.74166667,#N/A,18.23,16.100689655,20.15011494,#N/A,17.22166667,#N/A,14.68333333,24.73666667,16.62833333,23.746666665,19.0183333315,24.78,#N/A,16.46814815,19.858333335,#N/A,17.265,19.375,19.81,17.873333335,#N/A
Oct-2012,#N/A,18.262903225,#N/A,19.76451613,#N/A,14.48064516,20.932258065,11.4322580625,16.477419355,#N/A,20.012903225,11.8177419335,#N/A,20.803225805,21.73870968,#N/A,#N/A,12.635483872,11.732258066,24.94516129,12.687096774,22.88064516,14.627419355,21.551612905,13.314516129,17.5838709655,#N/A,6.05,#N/A,#N/A,18.7,19.451612905,#N/A,18.57096774,4.2580645165,21.983870965,26.30322581,#N/A,18.438709676,15.774193549,20.43548387,#N/A,15.56451613,#N/A,15.337096775,24.38870968,16.161290325,23.44516129,18.83064516,24.762903225,#N/A,13.54193548,20.879032255,#N/A,18.722580645,20.28064516,20.816129035,17.983870965,#N/A
Nov-2012,#N/A,19.571666665,#N/A,20.758333335,#N/A,14.19,22.561666665,11.3100000015,17.82833333,#N/A,19.945,12.315,#N/A,20.161666665,22.62166667,#N/A,#N/A,12.7283333335,12.0233333315,26.291666665,12.5483333315,24.09,14.615,22.67333333,13.5483333315,17.6066666685,#N/A,6.9316666685,#N/A,#N/A,19.503333335,20.613333335,#N/A,19.95333333,5.4999999985,23.03,23.005,#N/A,18.9233333335,15.8283333335,21.285,#N/A,14.7,#N/A,17.12,25.616666665,15.916666665,24.53,19.495,26.42333333,#N/A,18.386086955,21.876666665,#N/A,19.42,21.44833333,21.85666667,18.361666665,#N/A
Dec-2012,#N/A,21.33709677,#N/A,22.54032258,#N/A,13.8370967745,23.60483871,10.4370967765,19.55483871,#N/A,20.175806455,11.82580645,#N/A,20.46451613,23.712903225,#N/A,#N/A,12.362903226,11.425806452,26.69677419,11.8064516125,24.819354835,14.195161288,24.41551724,12.7161290345,16.8725806455,#N/A,7.612903226,#N/A,#N/A,21.914516125,21.932258065,#N/A,21.332258065,6.2225806435,24.01935484,23.641935485,#N/A,20.241935485,16.37516129,22.21451613,#N/A,14.84516129,#N/A,19.51935484,26.2516129,15.801612905,25.419354835,19.84354839,26.711290325,#N/A,19.10967742,24.358064515,#N/A,18.52096774,22.570967745,22.80645161,19.311290325,#N/A
Jan-2013,#N/A,23.088709675,#N/A,23.1,#N/A,14.356451615,25.55,12.1435483855,20.34354839,#N/A,20.522580645,12.2048387095,#N/A,21.19354839,25.87419355,#N/A,#N/A,12.324999998,12.019354841,27.47580645,13.0903225825,27.41612903,15.02096774,25.482258065,13.6129032265,17.961290325,#N/A,7.8532258065,#N/A,#N/A,23.66774194,23.15322581,#N/A,23.832258065,6.061290325,25.968317975,26.1,#N/A,20.94516129,17.338709675,24.187096775,#N/A,15.76612903,#N/A,22.13548387,28.36451613,16.692081735,27.648387095,20.5016129,26.87903226,#N/A,20.79387097,25.18064516,#N/A,18.78387097,24.372580645,23.77419355,19.6483871,#N/A
Feb-2013,#N/A,24.271428575,#N/A,23.810714285,#N/A,13.66607143,26.22321429,10.8025000015,21.34464286,#N/A,21.108928575,12.2107142865,#N/A,20.642857145,26.514285715,#N/A,#N/A,12.455357143,12.046428572,28.994642855,11.7714285705,28.14642857,14.260714285,26.08392857,12.77857143,17.244642855,#N/A,8.3178571405,#N/A,#N/A,24.86785714,23.73392857,#N/A,25.19285714,6.3142857145,27.264285715,26.7,#N/A,21.02857143,16.451785715,24.730224865,#N/A,14.619642855,#N/A,23.948214285,29.44642857,15.610714285,28.72142857,20.210714285,28.676785715,#N/A,21.596428575,26.401785715,#N/A,18.030357145,25.12857143,23.72142857,19.8875,#N/A
Mar-2013,#N/A,23.81129032,#N/A,23.03387097,#N/A,14.42741935,26.09107527,11.1112903225,19.837096775,#N/A,20.732258065,11.635483872,#N/A,#N/A,25.929032255,#N/A,#N/A,12.77419355,11.2870967725,27.754838705,11.7419354835,27.50967742,15.29032258,25.77419355,12.635483873,16.6790322575,#N/A,7.8532258065,#N/A,#N/A,24.52419355,24.117741935,#N/A,24.96451613,5.835483869,26.767741935,26.803225805,#N/A,21.216129035,15.987096776,24.185483875,#N/A,15.746774195,#N/A,23.202096775,28.837096775,15.78037037,27.974193545,20.477419355,27.39516129,#N/A,21.33903226,25.946774195,#N/A,18.13709677,25.412903225,24.077419355,19.777419355,#N/A
Apr-2013,#N/A,20.615,#N/A,20.423333335,#N/A,14.821666665,23.55166667,11.841666665,17.0916666665,#N/A,20.485,10.866666665,#N/A,#N/A,23.596666665,#N/A,#N/A,12.6616666685,10.98,27.08,12.7599999985,25.14666667,14.99,23.16166667,12.7266666665,16.9800000015,#N/A,5.9277777795,#N/A,#N/A,21.86,22.593333335,#N/A,22.65172414,4.0466666685,24.163333335,25.025,#N/A,19.17,14.9583333335,20.888333335,#N/A,16.57,#N/A,20.685,27.11,16.003333335,25.52,18.4683333315,26.576666665,#N/A,20.993333335,22.405,#N/A,17.228333335,23.225,21.82,17.875,#N/A
May-2013,#N/A,18.953225805,#N/A,19.15645161,#N/A,14.42096774,21.633870965,10.908064514,16.246774195,#N/A,20.324193545,9.945161291,#N/A,#N/A,22.43548387,#N/A,#N/A,12.311290323,10.1774193535,25.114516125,11.674193546,23.806451615,14.570967744,21.153225805,#N/A,16.1903225805,#N/A,5.0451612895,#N/A,#N/A,19.712903225,19.78548387,#N/A,19.81935484,3.1258064515,22.73870968,23.65483871,#N/A,18.141935485,14.6693548375,20.86973118,#N/A,15.82096774,#N/A,18.127419355,25.108064515,15.363965515,24.067741935,18.21129032,24.61935484,#N/A,19.338494625,19.91290323,#N/A,16.7677419355,20.588709675,20.03548387,17.346774195,#N/A
Jun-2013,#N/A,16.83333333,#N/A,16.876666665,#N/A,14.541666665,19.295,10.9050000015,14.5816666685,#N/A,19.963333335,7.4150000015,#N/A,#N/A,20.16333333,#N/A,#N/A,12.201666665,8.5933333335,23.73666667,11.458333335,21.613333335,14.555,19.188333335,11.4016666665,15.96,#N/A,3.0149999985,#N/A,#N/A,17.39666667,17.261666665,#N/A,17.25666667,1.1599999985,21.03,21.701666665,#N/A,17.74,14.9766666665,19.2,#N/A,16.95,#N/A,15.30833333,23.321666665,15.1616666685,22.17666667,18.751666665,23.656666665,#N/A,16.603333335,18.1616666685,#N/A,16.6000000015,18.898333335,19.06333333,17.501666665,#N/A
Jul-2013,#N/A,16.072580645,#N/A,16.046774193,#N/A,14.0209677405,18.643548385,10.801612904,13.985483873,#N/A,19.50483871,8.6370967755,#N/A,#N/A,19.280645165,#N/A,#N/A,12.0629032265,9.61129032,23.487096775,11.670967742,20.996774195,13.987096772,18.4161290335,11.838709679,15.9967741915,#N/A,3.962903225,#N/A,#N/A,16.572580645,16.08548387,#N/A,16.038709675,1.599999999,#N/A,20.33709677,#N/A,17.1774193555,14.9951612895,18.24516129,#N/A,16.81451613,#N/A,13.417741935,22.812903225,14.975806452,21.63870968,18.08387097,#N/A,#N/A,14.8225806445,17.667741935,#N/A,16.37580645,18.09032258,19.1,17.082258065,#N/A
Aug-2013,#N/A,16.153225805,#N/A,16.4451612885,#N/A,14.6677419375,18.762903225,11.724193548,13.9199999995,#N/A,19.158064515,10.1048387085,#N/A,#N/A,19.258064515,#N/A,#N/A,12.377419353,9.619354839,24.11612903,12.041935484,21.432258065,14.499999998,18.566129032,12.1532258065,16.2209677425,#N/A,0,#N/A,#N/A,16.75806452,16.832258064,#N/A,16.141935485,1.2999999995,20.78387097,20.580645165,#N/A,16.56451613,14.8483870975,18.120967745,#N/A,15.933870965,#N/A,13.09677419,23.55322581,15.4887096775,22.158064515,17.7274193525,23.88387097,#N/A,14.245161291,17.7225806445,#N/A,15.993548386,18.04354839,18.54193548,16.7870967725,#N/A
Sep-2013,#N/A,16.796666665,#N/A,17.4783333315,#N/A,15.11833333,19.98833333,12.3566666665,16.25,#N/A,18.79166667,11.4733333335,#N/A,#N/A,20.12,#N/A,#N/A,12.961666665,10.8533333315,24.196666665,12.4766666685,21.646666665,14.6899999985,20.596666665,12.7733333335,17.6283333335,#N/A,#N/A,#N/A,#N/A,17.51666667,18.803333335,#N/A,17.88,2.3166666665,21.823333335,20.738333335,#N/A,18.34,15.4966666685,18.851666665,#N/A,16.50333333,#N/A,14.47833333,23.616666665,16.326666665,22.60666667,18.761666665,24.15333333,#N/A,16.54333333,19.948333335,#N/A,17.436666665,19.70333333,20.25,18.158333335,#N/A
Oct-2013,#N/A,17.612903225,#N/A,19.51177419,#N/A,14.672526885,20.86290323,11.696774195,16.65483871,#N/A,18.78548387,11.867741937,#N/A,#N/A,21.122580645,#N/A,#N/A,13.138709676,11.8403225805,24.95645161,12.2935483895,21.99032258,14.682258065,21.390322585,13.1709677435,17.7887096775,#N/A,#N/A,#N/A,#N/A,17.9516129,20.03591398,#N/A,18.63048387,3.834516129,22.02580645,21.169354835,#N/A,18.8129032265,15.9370967735,19.06290323,#N/A,15.893548385,#N/A,15.158064515,24.11612903,16.420967745,22.767741935,18.717741936,24.89354839,#N/A,18.209677415,20.6016129,#N/A,18.68870968,20.57096774,21.222580645,18.140322585,#N/A
Nov-2013,#N/A,18.77091954,#N/A,20.643333335,#N/A,14.4866666665,21.34166667,10.678333335,17.68,#N/A,19.173333335,10.196666665,#N/A,#N/A,21.08666667,#N/A,#N/A,12.9171666685,12.3316666665,24.88,11.676666665,22.17,13.835,21.828333335,12.723333335,17.1833333335,#N/A,#N/A,#N/A,#N/A,19.57666667,20.175,#N/A,19.196666665,4.8066666685,21.736666665,21.245,#N/A,18.1600000015,15.226666665,19.563333335,#N/A,14.725,#N/A,17.045,24.023333335,15.89333333,23.166666665,18.076666665,25.213333335,#N/A,19.266666665,21.795,#N/A,19.065,21.095,21.363333335,17.62,#N/A
Dec-2013,#N/A,21.6516129,#N/A,22.56451613,#N/A,14.567741935,24.17580645,11.062903226,19.537096775,#N/A,19.456451615,10.1645161285,#N/A,#N/A,23.83548387,#N/A,#N/A,13.1532258065,12.3854838725,26.89516129,12.4774193565,24.980645165,14.3258064495,24.193548385,13.093548389,17.711290325,#N/A,#N/A,#N/A,#N/A,22.19032258,21.859677415,#N/A,21.974193545,5.9612903245,24.31612903,24.07580645,#N/A,19.706666665,16.3338709675,22.40483871,#N/A,15.32580645,#N/A,20.14193548,26.36451613,15.87419355,25.906451615,19.841935485,27.08548387,#N/A,20.22903226,24.259677415,#N/A,19.09516129,22.619354835,22.416612905,18.62903226,#N/A
Jan-2014,#N/A,#N/A,#N/A,23.415,#N/A,14.12419355,26.35,10.967741934,21.427419355,#N/A,#N/A,9.8838709685,#N/A,20.308064515,26.11935484,#N/A,#N/A,12.959677417,11.7096774175,28.341935485,11.9854838685,27.83870968,14.558064515,26.15483871,12.690483873,16.95,#N/A,#N/A,#N/A,#N/A,24.36935484,23.1483871,#N/A,24.14516129,6.0258064525,25.83548387,26.64354839,#N/A,20.73564516,16.39354839,25.272580645,#N/A,15.261290325,#N/A,22.983870965,28.288709675,15.9,28.15483871,20.514516125,27.922580645,#N/A,21.370967745,26.241935485,#N/A,18.343548385,24.359677415,23.54432497,19.31612903,#N/A
Feb-2014,#N/A,#N/A,#N/A,23.191071425,#N/A,14.014285715,26,11.1589285705,19.642857145,#N/A,#N/A,9.205357143,#N/A,19.760714285,26.75357143,#N/A,#N/A,12.8732142835,12.0500000015,28.651785715,12.1178571445,28.114285715,14.533928575,24.96607143,13.0107142865,17.4785714295,#N/A,#N/A,#N/A,#N/A,23.88392857,24.007142855,#N/A,24.475,5.9678571415,26.43214286,26.692857145,#N/A,19.37142857,15.9982142865,24.59318783,#N/A,15.28392857,#N/A,23.23392857,29.103571425,16.10714286,28.657142855,20.25357143,28.578571425,#N/A,22.375,25.1125,#N/A,18.50357143,24.43928571,23.85357143,18.901785715,#N/A
Mar-2014,#N/A,#N/A,#N/A,23.529032255,#N/A,13.85,26.19516129,10.703225807,19.832258065,#N/A,#N/A,10.840322579,#N/A,19.93548387,26.96774194,#N/A,#N/A,12.753225804,12.266129033,28.90645161,11.454838708,28.25483871,14.52096774,25.508064515,12.161290324,17.041935485,#N/A,#N/A,#N/A,#N/A,24.167741935,23.474193545,#N/A,24.612903225,5.825806451,26.893548385,26.996774195,#N/A,20.01451613,15.887096774,24.453225805,#N/A,15.488709675,#N/A,23.338709675,29.49354839,15.26612903,29.04193548,20.21935484,28.627419355,#N/A,21.55806452,25.511290325,#N/A,18.45483871,24.39516129,23.12903226,19.206451615,#N/A
Apr-2014,#N/A,#N/A,#N/A,21.63,#N/A,14.913333335,24.14,11.8166666685,18.473333335,#N/A,#N/A,11.1183333315,#N/A,20.583333335,25.08,#N/A,#N/A,13.0233333335,12.0300000015,27.88166667,13.38,26.64333333,14.8599999985,23.43166667,13.0416666665,17.626666665,#N/A,7.3716666685,#N/A,#N/A,22.11,21.90833333,#N/A,22.2,4.9233333315,24.936666665,26.498333335,#N/A,19.11333333,16.461666665,22.85402299,#N/A,17.068333335,#N/A,20.133333335,28.388333335,16.45666667,#N/A,19.303333335,27.59333333,#N/A,20.81,23.22,#N/A,18.251666665,23.105,21.98641026,18.44666667,#N/A
May-2014,#N/A,#N/A,#N/A,18.458064515,#N/A,14.50322581,23.70806452,11.103225808,16.35483871,#N/A,#N/A,9.8693548405,#N/A,19.47419355,24.77419355,#N/A,#N/A,12.370967743,9.8580645155,27.156451615,11.799999998,26.52580645,15.280645165,20.02419355,11.222580647,16.43870968,#N/A,3.703225804,#N/A,#N/A,19.295161295,18.24193548,#N/A,20.2,1.999999999,24.3,26.15967742,#N/A,17.7225806425,14.559677419,23.669354835,#N/A,16.01935484,#N/A,18.387096775,27.798387095,15.866129035,26.948387095,18.5241935495,26.59080645,#N/A,19.641935485,20.5,#N/A,17.1951612925,20.65,19.43548387,17.32096774,#N/A
Jun-2014,#N/A,#N/A,#N/A,16.0500000015,#N/A,14.658333335,22.516666665,11.795,14.28,#N/A,#N/A,9.8750000015,#N/A,19.2999999985,23.69,#N/A,#N/A,13.1616666685,10.0216666685,26.58,13.113333335,25.33,15.0316666665,18.111666665,12.431666665,17.60166667,#N/A,#N/A,#N/A,#N/A,18.185,16.63333333,#N/A,19.54,0.993333335,23.653333335,25.163333335,#N/A,16.6,14.94,22.878333335,#N/A,16.95,#N/A,17.505,26.721666665,15.9016666685,26.086666665,17.613333335,26.54810345,#N/A,17.753333335,18.221666665,#N/A,17.1116666665,19.138333335,17.953333335,16.27,#N/A
Jul-2014,#N/A,#N/A,#N/A,16.1693548375,#N/A,14.83548387,19.99677419,11.982258065,13.422580647,#N/A,#N/A,10.482258067,#N/A,19.680785415,21.04516129,#N/A,#N/A,12.5532258055,9.551612905,24.57096774,12.85483871,22.941935485,15.554838708,17.7499999975,12.2096774185,17.425806455,#N/A,#N/A,#N/A,#N/A,17.003225805,16.4403225795,#N/A,16.95483871,0.529032255,21.41612903,22.717741935,#N/A,17.5209677395,15.4258064515,20.21483871,#N/A,18.5516129,#N/A,14.18870968,24.601612905,16.2,23.55483871,18.4145161275,24.82580645,#N/A,15.61935484,17.2951612915,#N/A,17.269354841,18.346774195,18.825806455,17.3612903235,#N/A
Aug-2014,#N/A,#N/A,#N/A,18.26612903,#N/A,14.58064516,19.91451613,11.488709675,15.099999998,#N/A,#N/A,10.882258067,#N/A,20.38415147,20.66451613,#N/A,#N/A,12.606451615,10.23548387,25.0016129,12.3419354825,22.412903225,14.4903225825,19.3129032265,12.0967741945,16.77096774,#N/A,#N/A,#N/A,#N/A,16.95483871,17.75483871,#N/A,17.36129032,1.738709679,21.270967745,21.546774195,#N/A,18.2483870975,15.204838708,19.7,#N/A,17.64516129,#N/A,13.856451615,24.648387095,15.6903225815,23.44516129,19.55967742,24.85967742,#N/A,14.380645159,18.7338709685,#N/A,17.3645161275,19.125806455,19.591935485,18.408064515,#N/A
Sep-2014,#N/A,#N/A,#N/A,18.59833333,#N/A,15.20666667,20.53,12.1933333315,15.443333335,#N/A,#N/A,11.6499999985,#N/A,20.866666665,21.25333333,#N/A,#N/A,12.57,11.61,25.418333335,12.7599999985,22.78,15.0933333315,20.09166667,13.3399999985,17.44,#N/A,#N/A,#N/A,#N/A,17.91,18.535,#N/A,17.67,3.9366666685,22.026666665,21.88,#N/A,18.3066666665,16.1899999985,19.71086207,#N/A,17.138333335,#N/A,14.135,24.916666665,16.666666665,23.896666665,19.426666665,25.423333335,#N/A,15.748333335,19.56,#N/A,18.1183333315,13.3,20.273333335,18.638333335,#N/A
Oct-2014,#N/A,#N/A,#N/A,20.453225805,#N/A,14.836040045,21.49354839,12.140322582,17.541935485,#N/A,#N/A,11.8967741955,#N/A,20.77096774,22.003225805,#N/A,#N/A,12.99032258,12.6209677395,25.948387095,13.1709677435,23.335483875,15.0387096775,22.67419355,13.7822580645,18.2096774185,#N/A,#N/A,#N/A,#N/A,18.95483871,20.51451613,#N/A,19.561290325,4.9290322575,22.89677419,22.370967745,#N/A,19.1357142865,16.4400000015,20.38870968,#N/A,16.07096774,#N/A,15.770967745,25.43548387,16.606451615,24.270967745,19.906451615,25.722580645,#N/A,18.13548387,21.50967742,#N/A,19.143548385,14.80645161,21.948387095,18.798387095,#N/A
Nov-2014,#N/A,#N/A,#N/A,20.675,#N/A,14.65166667,22.3,11.188333335,18.76666667,#N/A,#N/A,12.0283333315,#N/A,20.578333335,22.393333335,#N/A,#N/A,12.286666665,12.2916666685,26.22833333,12.03,23.87666667,14.733333335,22.683333335,13.0366666685,17.4450000015,#N/A,#N/A,#N/A,#N/A,20.211666665,20.768333335,#N/A,20.036666665,4.7266666685,22.94,22.82666667,#N/A,18.8533333335,15.79,21.301666665,#N/A,15.079310345,#N/A,17.635,25.698333335,16.308333335,24.666666665,19.28,26.28,#N/A,18.54666667,22.09666667,#N/A,18.905,21.42,21.81,18.225,#N/A
Dec-2014,#N/A,#N/A,#N/A,21.25,#N/A,14.64032258,24.083870965,11.2080645155,19.3,#N/A,#N/A,11.8919354855,#N/A,20.470967745,24.087096775,#N/A,#N/A,12.011290321,12.938709678,26.817741935,12.612903228,25.22903226,15.23870968,23.748387095,13.6112903205,18.12580645,#N/A,7.1951612915,#N/A,#N/A,21.693548385,21.423333335,#N/A,21.777419355,6.2129032275,24.451612905,24.2516129,#N/A,19.55806452,16.24032258,22.65978495,#N/A,15.122580645,#N/A,19.266129035,27.035483875,16.164516125,25.67419355,19.372580645,27.306451615,#N/A,19.677419355,23.71129032,#N/A,19.566129035,22.495161295,22.396774195,18.56129032,#N/A
Jan-2015,#N/A,#N/A,#N/A,23.088709675,#N/A,14.59516129,25.417741935,11.458064518,20.532258065,#N/A,#N/A,12.311290323,#N/A,21.19354839,25.72096774,#N/A,#N/A,13.0129032235,12.3032258085,28.26451613,12.7225806475,27.183870965,14.937096775,25.282258065,13.4290322585,18.07419355,#N/A,7.383870968,#N/A,#N/A,22.7,22.4,#N/A,23.303225805,5.4451612915,25.670967745,25.75806452,#N/A,20.92903226,17.208064515,24.022580645,#N/A,15.59516129,#N/A,21.166129035,28.356451615,16.151612905,27.76129032,20.738709675,27.95483871,#N/A,21.01290323,25.13064516,#N/A,19.1,23.39677419,23.27096774,20.277419355,#N/A
Feb-2015,#N/A,#N/A,#N/A,24.125,#N/A,#N/A,27.12142857,10.782142858,21.82142857,#N/A,#N/A,10.9089285735,#N/A,20.60357143,27.121428575,#N/A,#N/A,13.4785714285,12.242857143,29.04464286,11.32142857,#N/A,14.614285715,25.74464286,12.478571427,17.05357143,#N/A,8.364285712,#N/A,#N/A,25.09642857,22.414285715,#N/A,25.13928571,6.2428571435,26.92142857,27.61785714,#N/A,21.614285715,16.17142857,25.255357145,#N/A,16.06071429,#N/A,23.667857145,29.666071425,15.971428575,29.45,20.13392857,28.614285715,#N/A,22.139285715,26.18670635,#N/A,18.72857143,24.473214285,22.382142855,19.839285715,#N/A
Mar-2015,#N/A,#N/A,#N/A,24.866129035,#N/A,14.227419355,27.45483871,11.083870968,22,#N/A,#N/A,10.6258064505,#N/A,20.638709675,27.537096775,#N/A,#N/A,12.356451612,12.1564516145,28.44032258,11.2677419375,#N/A,14.95,26.35,12.36451613,16.812903225,#N/A,8.1451612915,#N/A,#N/A,24.87096774,22.9983871,#N/A,25.338709675,5.967741933,27.191935485,27.7016129,#N/A,21.24193548,16.17903226,25.42419355,#N/A,16.077419355,#N/A,23.58548387,30.08064516,15.812903225,29.641935485,20.719354835,28.03548387,#N/A,22.05483871,26.579032255,#N/A,18.191935485,25.02903226,23.467741935,20.20483871,#N/A
Apr-2015,#N/A,#N/A,#N/A,22.985,#N/A,14.705,25.573333335,11.6566666685,19.776666665,#N/A,#N/A,11.0033333335,#N/A,20.7,26.28,#N/A,#N/A,14.1816666685,11.478333335,27.195,12.3300000015,27.598333335,15.103333335,24.788333335,12.553333335,17.23333333,#N/A,7.708333335,#N/A,#N/A,23.468333335,22.768333335,#N/A,23.98,5.3766666685,26.033333335,27.46,#N/A,20.13333333,16.688333335,24.139195405,#N/A,16.725,#N/A,21.626666665,29.421666665,16.381666665,#N/A,20.065,26.861666665,#N/A,21.476666665,24.721666665,#N/A,18.161666665,24.441666665,22.943333335,19.478333335,#N/A
May-2015,#N/A,#N/A,#N/A,20.172580645,#N/A,14.851612905,24.53548387,11.5612903205,17.441935485,#N/A,#N/A,9.6564516115,#N/A,20.89032258,25.208064515,#N/A,#N/A,14.09516129,9.8887096755,26.417741935,11.8693548375,26.59516129,15.70967742,21.56935484,11.759677422,16.5725806465,#N/A,4.256451615,#N/A,#N/A,20.89516129,19.661290325,#N/A,21.870967745,2.648387099,25.06451613,26.841935485,#N/A,18.319354839,16.0290322575,24.451612905,#N/A,17.30645161,#N/A,19.8983871,28.12096774,16.69032258,27.15483871,18.908064515,26.143548385,#N/A,19.870967745,20.83870968,#N/A,17.7612903215,21.779032255,20.52903226,18.43548387,#N/A
Jun-2015,#N/A,#N/A,#N/A,17.3383333315,#N/A,14.79,23.241666665,12.0699999985,15.3833333335,#N/A,#N/A,8.2816666665,#N/A,20.15,23.536666665,#N/A,#N/A,13.8549999985,10.915,25.346666665,13.165,25.191666665,15.355,18.68333333,12.8133333315,17.745,#N/A,3.9205747135,#N/A,#N/A,18.966666665,17.11666667,#N/A,20.466666665,1.593333335,23.37666667,25.448333335,#N/A,18.1499999985,16.5535714285,23.37333333,#N/A,17.108333335,#N/A,18.731666665,26.84666667,16.243333335,25.956666665,19.066666665,25.156666665,#N/A,17.966666665,19.22,#N/A,16.9116666665,19.505,19.32,18.44,#N/A
Jul-2015,#N/A,#N/A,#N/A,16.2612903235,#N/A,14.917741935,21.5,11.8612903205,14.1935483895,#N/A,#N/A,9.4725806465,#N/A,18.80967742,22.288709675,#N/A,#N/A,13.120967743,9.3758064525,24.55483871,11.7854838705,24.056451615,14.9758064515,17.6322580645,#N/A,16.5306451615,#N/A,3.2774193565,#N/A,#N/A,17.54516129,15.79516129,#N/A,18.41935484,0.487096775,22.474193545,24.141935485,#N/A,17.087096772,15.562903225,21.85322581,#N/A,17.603225805,#N/A,16.238709675,25.819354835,15.6564516115,24.806451615,17.9032258085,24.782258065,#N/A,15.06451613,17.722580643,#N/A,16.6580645175,18.661290325,#N/A,17.0951612885,#N/A
Aug-2015,#N/A,#N/A,#N/A,17.745161292,#N/A,15.656451615,20.674193545,12.6806451625,15.174193549,#N/A,#N/A,9.404838712,#N/A,19.91935484,21.27096774,#N/A,#N/A,13.472580643,10.525806451,25.477419355,12.5467741925,22.98548387,15.4032258065,18.680645159,#N/A,17.4693548365,#N/A,3.2774193565,#N/A,#N/A,17.459677415,16.058064515,#N/A,17.68709677,1.635483872,21.75483871,22.84032258,#N/A,17.86129032,16.6645161275,20.711290325,#N/A,18.522580645,#N/A,15.322580645,25.398387095,16.4838709665,24.14193548,18.74032258,25.006451615,#N/A,14.422580646,18.590322585,#N/A,16.9887096785,18.7483871,#N/A,17.785,#N/A
Sep-2015,#N/A,#N/A,#N/A,20.073333335,#N/A,15.95166667,21.96,12.9483333315,17.103333335,#N/A,#N/A,9.3849999985,#N/A,20.67,22.63333333,#N/A,#N/A,14.1433333315,11.8433333335,26.72,12.83140394,#N/A,15.87,20.88833333,13.4683333315,18.01,#N/A,5.52,#N/A,#N/A,18.876666665,18.401666665,#N/A,19.6,3.0833333315,23.36,23.875,#N/A,18.8500000015,17.5716666665,21.93,#N/A,18.41666667,#N/A,16.861666665,26.27,17.27833333,25.263333335,19.635,26.086666665,#N/A,15.816666665,20.74,#N/A,17.8416666665,20.068333335,#N/A,18.311666665,#N/A
Oct-2015,#N/A,#N/A,#N/A,20.53548387,#N/A,15.606451615,22.472580645,12.659677421,17.958064515,#N/A,#N/A,10.4403225815,#N/A,21.08064516,23.701612905,#N/A,#N/A,13.8951612895,12.2080645145,26.987096775,12.8290322605,24.66935484,15.817741935,22,13.806451615,18.582258065,#N/A,6.337096774,#N/A,#N/A,19.687096775,19.782258065,#N/A,20.170967745,4.080645161,24.1,24.38870968,#N/A,19.3193548365,18.356451615,22.322580645,#N/A,16.958064515,#N/A,17.012903225,26.329032255,17.67096774,25.56451613,19.851612905,26.55483871,#N/A,17.9483871,22.077419355,#N/A,18.1822580655,21.29516129,21.077419355,18.85,#N/A
Nov-2015,#N/A,#N/A,#N/A,20.653333335,#N/A,15.496666665,23,12.4066666685,18.486666665,#N/A,#N/A,11.093333335,#N/A,21.07333333,23.97,#N/A,#N/A,13.8766666685,13.0166666665,26.941666665,12.931666665,24.786666665,15.3716666665,22.25833333,13.8300000015,18.428333335,#N/A,7.1649999985,#N/A,#N/A,20.01666667,20.08,#N/A,20.33,5.3566666665,24.056666665,24.581666665,#N/A,19.093333335,18.425,22.975,#N/A,16.96833333,#N/A,17.59833333,26.351666665,17.395,25.72666667,19.481666665,26.636666665,#N/A,18.92333333,22.353333335,#N/A,18.278333335,21.44166667,21.556666665,19.09,#N/A
Dec-2015,#N/A,#N/A,#N/A,22.24516129,#N/A,15.80483871,24.766129035,13.233870966,20.13548387,#N/A,#N/A,12.3370967735,#N/A,22.183870965,25.579032255,#N/A,#N/A,14.8145161275,13.7645161295,28.691935485,14.1322580645,26.453225805,16.7,23.89032258,15.1709677405,19.951612905,#N/A,7.9887096775,#N/A,#N/A,21.632258065,21.096774195,#N/A,21.86129032,5.529032258,25.303225805,26.253225805,#N/A,20.451612905,19.508064515,24.40403226,#N/A,18.788333335,#N/A,19.408064515,28.203225805,18.462903225,27.612903225,21.141935485,28.29032258,#N/A,20.24516129,23.879032255,#N/A,19.1241935495,22.95483871,#N/A,20.101612905,#N/A
Jan-2016,#N/A,#N/A,#N/A,23.861290325,#N/A,15.341935485,26.351612905,12.8419354835,21.20645161,#N/A,#N/A,12.377419354,#N/A,21.496774195,26.78548387,#N/A,#N/A,15.230645159,13.88387097,28.87419355,13.2000000005,27.84193548,15.87096774,25.022580645,14.4612903235,19.34032258,#N/A,8.501612904,#N/A,#N/A,23.706451615,21.912903225,#N/A,23.987096775,6.7419354855,26.575806455,27.451612905,#N/A,21.322580645,19.13548387,25.820967745,#N/A,16.177419355,#N/A,22.396774195,29.217741935,17.58870968,29.187096775,20.89677419,28.44516129,#N/A,21.71935484,25.51129032,#N/A,19.193548386,24.01451613,23.86129032,20.075806455,#N/A
Feb-2016,#N/A,#N/A,#N/A,24.987931035,#N/A,15.38448276,27.339655175,13.0120689665,22.444827585,#N/A,#N/A,12.8534482745,#N/A,21.962068965,27.91551724,#N/A,#N/A,15.4758620685,14.037931033,28.46724138,13.424137931,29.18965517,16.15862069,#N/A,14.41724138,19.35862069,#N/A,9.4327586195,#N/A,#N/A,25.720689655,23.67586207,#N/A,25.76551724,7.120689656,27.49310345,28.655172415,#N/A,22.51724138,19.113793105,26.836206895,#N/A,17.66724138,#N/A,24.24137931,30.022413795,17.655172415,30.044827585,21.80517241,27.86896552,#N/A,22.46896552,26.594827585,#N/A,19.594827585,26.06724138,#N/A,20.75689655,#N/A
Mar-2016,#N/A,#N/A,#N/A,25.06129032,#N/A,15.522580645,27.61129032,12.8,21.49032258,#N/A,#N/A,12.6322580635,#N/A,21.63870968,28.327419355,#N/A,#N/A,15.2709677425,13.874193547,28.582258065,12.6806451635,29.23387097,15.80322581,#N/A,#N/A,19.22419355,#N/A,9.438709675,#N/A,#N/A,25.761290325,24.203225805,#N/A,26.27419355,7.090322581,28.05,28.34516129,#N/A,21.777419355,18.882258065,26.608064515,#N/A,17.067741935,#N/A,24.083870965,29.99516129,17.35806452,29.87419355,21.48064516,27.97246117,#N/A,22.2,26.782258065,#N/A,19.28870968,26.211290325,#N/A,20.922580645,#N/A
Apr-2016,#N/A,#N/A,#N/A,23.056666665,#N/A,15.168333335,25.51833333,12.728333335,19.24666667,#N/A,#N/A,12.061666665,#N/A,20.87333333,26.30666667,#N/A,#N/A,14.441666665,12.2699999985,27.938333335,12.7833333335,27.488333335,15.818333335,24.69,12.995,17.693333335,#N/A,7.8699999985,#N/A,#N/A,23.665,22.79,#N/A,24.286666665,5.5216666665,26.176666665,27.365,#N/A,20.265517245,17.953333335,24.028333335,#N/A,16.576666665,#N/A,22.09166667,28.763333335,16.36666667,28.4,20.07,27.43666667,#N/A,21.36,24.7,#N/A,18.008333335,24.598333335,#N/A,19.29,#N/A
May-2016,#N/A,#N/A,#N/A,20.417741935,#N/A,15.158064515,22.941935485,12.4677419375,16.958064515,#N/A,#N/A,9.6129032255,#N/A,20.383870965,23.96612903,#N/A,#N/A,14.8129032275,10.4564516125,27.20806452,12.60967742,25.3,15.4774193525,22.296774195,12.595161288,17.63548387,#N/A,4.6,#N/A,#N/A,20.93387097,20.74516129,#N/A,21.919354835,2.270967744,24.29032258,25.620967745,#N/A,19.029032257,17.0774193555,22.356451615,#N/A,17.248387095,#N/A,19.758064515,27.001612905,16.503225805,26.025806455,19.43479263,26.58387097,#N/A,19.578201975,21.385483875,#N/A,17.4435483895,22.679032255,#N/A,18.998387095,#N/A
Jun-2016,#N/A,#N/A,#N/A,17.4833333315,#N/A,14.445,20.595,11.815,15.693333335,#N/A,#N/A,8.9800000015,#N/A,19.456666665,21.93666667,#N/A,#N/A,14.43,9.3899999985,25.593333335,11.9733333315,23.736666665,14.6333333335,19.668333335,11.9383333335,16.6300000015,#N/A,2.8316666665,#N/A,#N/A,18.04,18.413333335,#N/A,18.343333335,0.44,22.561666665,24.04833333,#N/A,17.5699999985,15.5316666665,21.075,#N/A,17.321666665,#N/A,16.07,25.21666667,15.5000000015,#N/A,18.701666665,24.773333335,#N/A,15.753333335,19.095,#N/A,16.1833333335,19.941666665,#N/A,17.735,#N/A
Jul-2016,#N/A,#N/A,#N/A,16.8177419365,#N/A,14.42580645,20.05645161,11.4967741945,15.1032258075,#N/A,#N/A,8.9806451605,#N/A,19.36451613,20.92096774,#N/A,#N/A,13.9919354815,10.104838711,25.14677419,11.764516127,22.829032255,14.232258064,18.40967742,11.493548389,16.14032258,#N/A,4.3177419345,#N/A,#N/A,17.230645165,17.25483871,#N/A,17.731034485,1.738709677,21.80806452,22.961290325,#N/A,17.9258620705,16.1999999985,20.34032258,#N/A,17.267741935,#N/A,14.72258065,24.803225805,14.7129032255,24.03870968,18.47903226,24.49677419,#N/A,15.31935484,18.45483871,#N/A,16.0774193545,18.746774195,#N/A,17.822580645,#N/A
Aug-2016,#N/A,#N/A,#N/A,17.0645161275,#N/A,15.31612903,20.10967742,12.3645161265,15.132258063,#N/A,#N/A,9.2322580655,#N/A,19.706451615,20.843548385,#N/A,#N/A,13.783870968,10.814516131,25.21129032,11.824193548,22.6016129,15.3290322565,19.182258065,12.3354838715,16.872580644,#N/A,4.011290322,#N/A,#N/A,17.32580645,17.32580645,#N/A,17.977419355,1.587096775,21.84354839,22.406451615,#N/A,17.7387096795,16.1290322555,19.43548387,#N/A,18.36612903,#N/A,14.396774195,24.7,15.5516129045,23.816129035,18.622580644,24.487096775,#N/A,16.07419355,19.237096775,#N/A,16.5193548405,19.198387095,#N/A,17.5096774185,#N/A
Sep-2016,#N/A,#N/A,#N/A,19.0416666665,#N/A,15.37,20.928333335,12.468333335,16.2433333315,#N/A,#N/A,9.9749999985,#N/A,19.98,21.768333335,#N/A,#N/A,14.203333335,11.883333335,26.351666665,12.146666665,22.928333335,15.3916666685,20.78,12.6666666685,17.4483333315,#N/A,5.1783333315,#N/A,#N/A,18.310689655,19.02,#N/A,19.44666667,2.7966666665,22.89,22.68,#N/A,18.6566666685,16.39,19.53666667,#N/A,17.266666665,#N/A,15.465,25.27333333,16.326666665,24.5,19.06333333,25.35666667,#N/A,18.04,20.553333335,#N/A,17.2283333315,20.618333335,#N/A,18.125,#N/A
Oct-2016,#N/A,#N/A,#N/A,20.69032258,#N/A,15.337096775,21.73064516,12.180645162,17.40645161,#N/A,#N/A,10.4241935485,#N/A,20.338709675,#N/A,#N/A,#N/A,13.9903225815,12.091935482,26.52096774,11.819354837,22.167741935,15.0516129045,21.162903225,13.156451614,17.641935486,#N/A,5.8854838685,#N/A,#N/A,18.99354839,18.967741935,#N/A,19.88064516,3.858064518,23.341935485,22.187096775,#N/A,18.861290324,17.3032258065,20.47419355,#N/A,16.133870965,#N/A,17.167741935,25.053225805,16.73548387,24.616129035,19.175806455,25.54516129,#N/A,19.251612905,20.94193548,#N/A,17.9419354825,20.474193545,#N/A,18.50967742,#N/A
Nov-2016,#N/A,#N/A,#N/A,21.905,#N/A,15.225,22.14,12.1866666685,18.59,#N/A,#N/A,10.1833333335,#N/A,19.8766666665,#N/A,#N/A,#N/A,14.2683333335,11.84,#N/A,11.5899999985,22.676666665,14.401666665,22.091666665,12.7100000015,17.386666665,#N/A,5.2583333335,#N/A,#N/A,20.39,20.78,#N/A,21.11,3.81,23.53666667,22.19333333,#N/A,19.1233333315,17.2066666665,20.796666665,#N/A,14.0866666665,#N/A,19.095,25.34,16.7399999985,24.906666665,19.32333333,26.106666665,#N/A,19.84666667,21.78,#N/A,18.1166666685,21.795,#N/A,18.72166667,#N/A
Dec-2016,#N/A,#N/A,#N/A,23.327419355,#N/A,14.632258065,24.41451613,11.574193551,19.67096774,#N/A,#N/A,10.785483869,#N/A,20.17419355,24.7983871,#N/A,#N/A,13.451612905,13.1451612925,#N/A,11.3290322595,25.177419355,14.893548385,23.877419355,12.8693548375,17.069354841,#N/A,7.8016129045,#N/A,#N/A,22.603225805,21.72903226,#N/A,23.10967742,6.0532258045,25.677419355,24.63870968,#N/A,20.283870965,17.693548385,22.937096775,#N/A,15.36935484,#N/A,21.001612905,27.232258065,15.93064516,26.82580645,19.912903225,27.31935484,#N/A,21.1483871,23.982258065,#N/A,18.1338709695,23.72419355,#N/A,19.362903225,#N/A
Jan-2017,#N/A,25.33870968,#N/A,25.21451613,#N/A,13.71129032,27.11935484,10.48548387,22.6,24.222580645,19.59354839,10.425806449,#N/A,20.603225805,27.06913237,#N/A,#N/A,12.8919354855,12.4516129035,#N/A,10.606451611,28.032258065,14.37419355,26.27419355,12.1290322575,16.382903225,#N/A,8.4354838695,#N/A,#N/A,25.812903225,23.00645161,23.396025345,26.00967742,6.2580645145,27.532258065,26.841935485,25.448817205,21.996774195,17.51612903,25.76129032,#N/A,15.546774195,#N/A,24.2516129,29.01935484,14.95322581,29.012903225,21.153225805,28.26935484,#N/A,22.28709677,27.025806455,#N/A,18.558064515,24.691935485,#N/A,20.243548385,#N/A
Feb-2017,#N/A,25.939285715,#N/A,25.901785715,#N/A,13.601785715,27.932142855,10.1071428595,22.90714286,23.885714285,20.289285715,10.1500000005,#N/A,20.42857143,28.05535714,#N/A,#N/A,13.301785712,12.110714285,#N/A,9.6535714265,28.99285714,14.471428575,27.01607143,11.685714287,16.25,#N/A,8.4124999995,#N/A,#N/A,26.01607143,24.089285715,24.725,26.63571429,6.367857142,28.017857145,27.85892857,25.59457672,21.532142855,16.61785714,27.214285715,#N/A,15.228571425,#N/A,25.6,29.333928575,14.951785715,28.975,21.110714285,27.77857143,#N/A,24.464285715,27.689285715,#N/A,17.85,25.667857145,#N/A,20.351785715,#N/A
Mar-2017,#N/A,25.91,#N/A,25.1983871,#N/A,13.78064516,27.79032258,10.7774193525,21.58064516,23.62903226,21.14354839,9.6241935475,#N/A,20.377419355,27.94354839,#N/A,#N/A,12.612903224,12.187096773,27.81935484,9.8645161315,28.238709675,14.85,26.79032258,11.8064516145,16.203225805,#N/A,8.261290324,#N/A,#N/A,25.906451615,24.21935484,24.58965517,26.106451615,6.0935483865,27.216129035,27.837096775,24.52096774,21.60967742,16.96612903,27.556451615,#N/A,15.74193548,#N/A,25.52580645,29.02096774,15.5,28.72612903,20.998387095,27.525806455,#N/A,23.403225805,27.58548387,#N/A,17.538709675,25.722580645,#N/A,20.44516129,#N/A
Apr-2017,#N/A,23.131666665,#N/A,23.086666665,#N/A,14.711666665,25.89333333,11.4883333335,19.053333335,21.646666665,21.46333333,10.1933333335,#N/A,19.76,26.276666665,#N/A,#N/A,13.263333335,11.536666665,26.683333335,11.21,26.961666665,15.188333335,24.155,12.1333333315,16.2616666685,#N/A,7.4633333315,#N/A,#N/A,23.05666667,23.02,23.1545977,23.63,5.4166666685,25.726666665,27.366666665,21.724137935,19.933333335,17.096666665,24.478333335,#N/A,16.74666667,#N/A,22.391666665,28.81666667,16.08,27.623333335,19.578333335,26.48666667,#N/A,22.21333333,24.555,#N/A,17.5433333335,24.38833333,#N/A,18.831034485,#N/A
May-2017,#N/A,21.32419355,#N/A,19.727419355,#N/A,14.55483871,23.766129035,11.064516131,17.29354839,20.55806452,20.64677419,9.4870967735,#N/A,10.58064516,24.46451613,#N/A,#N/A,13.0129032265,10.177419355,24.79032258,11.5064516115,25.16451613,15.1483870965,21.48387097,12.0435483895,16.191935483,#N/A,5.477419356,#N/A,#N/A,20.92096774,20.19641577,20.671333335,20.73870968,3.632258062,24.172580645,25.967741935,20.718837805,18.280645165,16.470967744,22.896774195,#N/A,16.311290325,#N/A,19.18064516,27.098387095,15.932258065,26.04516129,18.12483871,24.65769231,#N/A,20.51935484,21.67903226,#N/A,16.8467741925,21.87096774,#N/A,17.337096775,#N/A
Jun-2017,#N/A,19.266666665,#N/A,17.5466666665,#N/A,14.705,21.1,10.895,15.6866666665,18.633908045,20.486666665,#N/A,#N/A,18.9400000015,21.691666665,#N/A,#N/A,14.703333335,9.351666665,23.116666665,10.7300000015,22.916666665,14.641666665,18.97666667,11.1133333335,15.703333335,#N/A,3.8783333315,#N/A,#N/A,18.29,17.346666665,18.54365079,18.06333333,1.8566666685,21.885,23.72,18.155555555,17.506666665,15.196666665,21.193333335,#N/A,16.581666665,#N/A,16.971666665,24.975,15.5700000015,#N/A,18.1366666665,23.14333333,#N/A,18.87666667,18.505,#N/A,15.8683333335,19.285,19.13666667,17.381666665,#N/A
Jul-2017,#N/A,18.098387095,#N/A,16.391935483,#N/A,14.5838709655,19.953225805,11.35483871,14.32580645,17.216129035,20.29516129,8.467741937,#N/A,20.183870965,19.75,#N/A,#N/A,14.2774193555,9.877419357,22.587096775,11.341935485,21.10967742,14.316129032,17.693548389,11.922580644,16.3806451625,#N/A,3.817741934,#N/A,#N/A,16.948387095,16.18064516,17.703064515,17.716129035,1.27096774,20.3,21.906451615,17.562903225,17.609677421,15.7064516135,19.75639785,#N/A,17.983870965,#N/A,15.891935485,23.732258065,15.5145161295,22.61612903,19.043548385,22.722580645,#N/A,17.512903225,17.6967741945,#N/A,16.377419357,18.57096774,18.948387095,18.16129032,#N/A
Aug-2017,#N/A,17.241935485,#N/A,16.149999999,#N/A,15.03225806,19.38387097,11.4790322595,14.4258064525,16.777419355,19.28387097,8.8290322595,#N/A,19.3516129055,19.864516125,#N/A,#N/A,13.814516128,10.338709676,22.81612903,10.9129032255,21.3,14.6290322595,17.7435483885,11.541935484,16.159677418,#N/A,3.2064516115,#N/A,#N/A,16.64516129,16.332258067,18.34067321,16.43225806,1.209677415,20.388709675,21.79032258,17.393490785,16.7225806455,15.293548386,19.47419355,#N/A,17.243548385,#N/A,14.208064515,23.864516125,15.4370967755,22.319354835,17.8935483885,22.879032255,#N/A,15.741935485,17.3193548405,#N/A,16.1838709655,18.424193545,18.296774195,17.1016129025,#N/A
Sep-2017,#N/A,17.389074075,#N/A,18.208333335,#N/A,15.43666667,19.741666665,12.1666666665,15.223333335,16.95666667,19.09,9.5733333315,#N/A,20.04,26.47333333,#N/A,#N/A,13.5266666685,11.9466666665,23.84666667,12.0400000015,21.98666667,15.49,20.006666665,13.3566666665,17.3216666665,#N/A,5.8566666685,#N/A,#N/A,17.67666667,18.136666665,19.33666667,16.983333335,3.793333335,21.248333335,21.796666665,17.14880952,18.2366666685,17.06,19.51,#N/A,17.403333335,#N/A,14.37666667,24.615,16.55166667,22.93,18.868333335,24.151666665,#N/A,15.89,18.97666667,#N/A,17.4649999985,19.706666665,19.62666667,17.905,#N/A
Oct-2017,#N/A,18.222580645,#N/A,19.97903226,#N/A,15.35483871,20.74516129,11.985483873,17.02903226,17.922580645,19.306451615,10.2935483875,#N/A,20.24032258,20.582869855,#N/A,#N/A,13.701612901,12.4129032265,24.4516129,11.7870967765,22.293548385,15.3274193535,22.30645161,13.1252688185,17.4510080645,#N/A,5.6887096755,#N/A,#N/A,18.93548387,20.951612905,21.267686315,19.17096774,3.8774193535,21.703225805,21.76451613,18.29478495,19.1741935485,17.080645162,19.3,#N/A,16.227419355,#N/A,16.58064516,24.879032255,16.2741935505,23.270967745,19.4,24.390322585,#N/A,18.593548385,21.182258065,#N/A,17.9693548385,21.874193545,21.493548385,18.488709675,#N/A
Nov-2017,#N/A,18.831666665,#N/A,20.945,#N/A,15.03333333,21.095,11.576666665,17.66,19.83333333,19.433333335,10.6583333315,#N/A,19.6633333315,20.623333335,#N/A,#N/A,14.4450000015,12.433333335,24.59,11.1966666665,21.793333335,14.8016666665,21.903333335,12.7666666665,17.3657246385,#N/A,7.066666665,#N/A,#N/A,18.995,20.243333335,20.30119048,19.196666665,5.64,22.00166667,21.156666665,20.808448275,19.3466666685,17.13333333,19.225,#N/A,15.331666665,#N/A,17.61833333,24.17666667,15.713333335,23.365,19.405,24.471666665,#N/A,18.823333335,21.696666665,#N/A,17.8200000015,20.87,20.563333335,18.268333335,#N/A
Dec-2017,#N/A,21.253225805,#N/A,22.31935484,#N/A,14.6,23.75,11.282258064,19.34516129,21.341935485,19.462903225,10.8467741925,#N/A,20.174193545,23.940322585,#N/A,#N/A,12.338709678,12.2161290305,26.287096775,11.2870967735,24.787096775,15.356451615,23.83064516,12.761935484,17.141935484,#N/A,7.4580645175,#N/A,#N/A,21.54032258,21.958064515,21.61451613,21.116129035,5.8967741925,24.58064516,24.29354839,23.654449385,20.27419355,17.287096775,21.48548387,#N/A,15.846774195,#N/A,19.25806452,26.82903226,15.922580645,26.00967742,19.762903225,26.28387097,#N/A,20.154838705,23.246774195,#N/A,17.380645162,22.796774195,21.867741935,19.17903226,#N/A
Jan-2018,#N/A,22.977419355,#N/A,23.267741935,#N/A,13.8516129045,25.33870968,10.693548387,20.596774195,22.610023045,19.58225806,10.8741935465,#N/A,20.16129032,25.52112903,#N/A,#N/A,12.8790322565,11.9096774185,27.551612905,10.964516129,26.241935485,14.65967742,24.867741935,11.990322581,16.9387096755,#N/A,7.648387097,#N/A,#N/A,23.61935484,22.79032258,23.007063405,23.51935484,5.709677419,25.917741935,25.44516129,24.516021505,20.53870968,17.222580645,23.22903226,#N/A,15.426666665,#N/A,21.97096774,28.177419355,15.003225808,28.016129035,20.161290325,27.643548385,#N/A,21.196774195,25.10967742,#N/A,17.598387095,24.45967742,22.84193548,19.5983871,#N/A
Feb-2018,#N/A,24.671428575,#N/A,24.14107143,#N/A,13.655357145,26.1875,10.8696428595,21.814285715,23.235714285,19.951785715,11.299999998,#N/A,19.778571425,26.451785715,#N/A,#N/A,13.2767857135,12.1535714305,28.275,10.5339285735,27.65,14.3124999995,25.385714285,12.0321428565,17.25,#N/A,8.760714288,#N/A,#N/A,24.65,22.671428575,23.72691799,24.625,6.328571427,27.2,26.867857145,25.203703705,20.39285714,17.071428575,24.38267196,#N/A,14.59285714,#N/A,24.344642855,29.160714285,14.8999999995,29.38214286,20.276785715,28.10714286,#N/A,22.635714285,25.6875,#N/A,17.51607143,24.917857145,22.93571429,19.28928571,#N/A
Mar-2018,#N/A,23.48548387,#N/A,23.46129032,#N/A,14.53225806,25.777419355,11.4500000025,20.722580645,22.14516129,19.99193548,#N/A,#N/A,20.583870965,26.037096775,#N/A,#N/A,12.99032258,12.2709677435,28.612903225,11.4516129025,27.04516129,15.046774195,25.441935485,11.9951612885,17.19354839,#N/A,8.193548388,#N/A,#N/A,24.072580645,23.69677419,24.39295699,24.58064516,5.8548387095,26.55,26.1483871,24.45875576,20.622580645,17.935483875,23.16935484,#N/A,16.191935485,#N/A,23.17903226,28.743548385,15.272580645,28.867741935,20.267741935,28.18064516,#N/A,23.316129035,25.891935485,#N/A,17.730645162,25.458064515,23.57419355,20.10645161,#N/A
Apr-2018,#N/A,22.205,#N/A,22.043333335,#N/A,14.06166667,24.861666665,10.9383333315,19.04,21.01111111,20.015,#N/A,#N/A,19.520574715,25.286666665,#N/A,#N/A,13.7533333315,11.4433333335,27.206666665,10.9633333315,26.406666665,14.55,24.57,11.9,16.3649999985,#N/A,7.4883333335,#N/A,#N/A,23.03,23.04,23.25344828,23.566666665,4.9833333335,25.825,25.748333335,22.996551725,19.786666665,16.56333333,22.98166667,#N/A,15.745,#N/A,22.86,27.96666667,14.301666665,27.94,19.285,27.171666665,#N/A,22.75666667,23.993333335,#N/A,16.8750000015,24.18,22.29333333,19.175,#N/A
May-2018,#N/A,19.622580645,#N/A,19.266129035,#N/A,14.616129035,21.94516129,11.061290321,17.193548385,19.592059555,19.39516129,#N/A,#N/A,19.567741935,22.777419355,#N/A,#N/A,14.3370967765,10.0419354825,25.53387097,11.5677419345,23.98064516,14.7467741925,21.73709677,11.6193548375,16.53387097,#N/A,4.5548387105,#N/A,#N/A,20.31827957,20.917849465,21.56929922,20.64516129,2.180645161,23.24032258,24.243548385,20.96970046,18.1516129055,15.8258064515,20.90483871,#N/A,16.36451613,#N/A,19.83387097,25.8983871,14.7838709695,25.13870968,18.401612905,25.40525687,#N/A,21.406451615,21.446198155,#N/A,16.4612903235,22.030645165,20.73130227,17.95483871,#N/A
Jun-2018,#N/A,17.66833333,#N/A,17.4483333315,#N/A,14.3666666685,19.905,10.67,15.363333335,17.803333335,18.856666665,#N/A,#N/A,19.77,20.095,#N/A,#N/A,13.7850000015,8.6933333335,23.986666665,10.9799999985,21.64666667,14.3783333335,18.70091954,11.2199999985,15.4533333315,#N/A,3.668333335,#N/A,#N/A,16.806666665,16.963333335,18.99115942,15.943333335,1.673333335,20.638333335,21.983333335,19.1637931,18.206666665,16.0800000015,19.53333333,#N/A,17.65666667,#N/A,15.163333335,23.99833333,14.8216666685,22.88,18.685,23.765,#N/A,16.04666667,18.27452381,#N/A,16.1949999985,18.575,18.71183908,18.685,#N/A
Jul-2018,#N/A,17.24447005,#N/A,16.7180107535,#N/A,14.6999999975,19.62903226,10.7370967725,14.9548387105,16.6,18.637096775,#N/A,#N/A,19.77419355,20.24516129,#N/A,#N/A,13.7112903225,8.972580643,23.522580645,10.8935483885,21.58709677,14.761290321,18.769489245,11.3419354835,15.791935484,#N/A,4.088709679,#N/A,#N/A,17.103225805,16.822580645,19.302224695,16.14193548,1.458064515,20.65,21.37419355,18.143548385,18.4870967725,15.5725806465,19.5294086,#N/A,17.877419355,#N/A,14.532258065,23.616129035,14.8758064535,22.60645161,18.74516129,23.41935484,#N/A,14.8483870975,17.430422695,#N/A,15.6903225795,18.846774195,19.05578818,18.62580645,#N/A
Aug-2018,#N/A,17.237269585,#N/A,16.7942972335,#N/A,15.201612905,19.498387095,11.6306451625,14.8193548395,16.24956989,18.732258065,#N/A,#N/A,19.727419355,20.16935484,#N/A,#N/A,#N/A,10.027419354,24.8516129,11.396774196,21.967741935,15.0629032245,18.711067854,12.299999998,17.1516129055,#N/A,3.422580645,#N/A,#N/A,#N/A,16.73548387,19.54887097,16.158064515,1.451612903,21.29677419,21.269354835,18.38392857,18.264516131,16.0532258085,19.28387097,#N/A,18.76774194,#N/A,14.132258065,24.662903225,15.962903225,23.412903225,19,24.31451613,#N/A,16.422580645,17.95451613,#N/A,16.5822580625,18.79677419,19.13666667,18.21451613,#N/A
Sep-2018,#N/A,17.971666665,#N/A,19,#N/A,15.545,20.276666665,12.075,16.05,17.263333335,18.85,10.3512643695,#N/A,19.506666665,20.421666665,#N/A,#N/A,#N/A,11.6916666685,25.006666665,11.63,22.05666667,15.3668965515,20.37833333,12.7833333335,17.7866666685,#N/A,4.323333335,#N/A,#N/A,#N/A,18.05,20.918448275,17.58333333,1.9,#N/A,21.566666665,18.89392857,18.4933333335,15.9183333335,19.411666665,#N/A,17.48833333,#N/A,14.75,25.015,16.366666665,23.69,19.0050000015,24.895,#N/A,18.63,19.99369048,#N/A,17.0366666665,20.083333335,20.31,18.236666665,#N/A
Oct-2018,#N/A,18.767150535,#N/A,20.348387095,#N/A,15.2,21.145161295,11.4758064525,17.822580645,19.038095235,19.022580645,10.2709677425,#N/A,20.483870965,21.601612905,#N/A,#N/A,13.2548387075,12.4790322555,25.058064515,11.554838708,22.03548387,15.0483870985,21.734163475,12.7056152935,17.219354837,#N/A,6.8064516105,#N/A,#N/A,#N/A,19.861290325,21.206451615,18.71935484,4.56,22.561290325,21.36774194,20.022142855,18.929032257,17.087096775,20.337096775,#N/A,16.09032258,#N/A,16.87903226,24.80322581,16.05,24.141935485,19.37580645,24.827419355,#N/A,19.50322581,21.410235735,#N/A,17.7064516135,20.580645165,20.46451613,18.62419355,#N/A
Nov-2018,#N/A,20.206481485,#N/A,21.608333335,#N/A,14.786666665,22.563333335,11.8266666685,19.376666665,21.18,19.386666665,10.6366666665,#N/A,19.96333333,23.27,#N/A,#N/A,13.4166666665,12.9400000015,25.95833333,11.6133333335,23.76,15.376666665,22.665,13.2266666685,17.5200000015,#N/A,6.908333335,#N/A,#N/A,25.77333333,21.186666665,22.098333335,20.043333335,5.253333335,23.69333333,23.49666667,22.33965517,19.1799999985,17.07,21.97,#N/A,15.915,#N/A,18.73166667,26.47,16.4233333315,25.42,19.23666667,25.956666665,#N/A,20.173333335,22.37357143,#N/A,17.746666665,21.833333335,21.256666665,18.48,#N/A
Dec-2018,#N/A,21.994048945,#N/A,22.37580645,#N/A,14.987096775,23.8983871,11.7903225805,19.99032258,21.966666665,19.767741935,11.1870967735,#N/A,20.46612903,24.3983871,#N/A,#N/A,13.9225806465,13.5580645155,26.70967742,11.8161290345,25.396774195,14.714516128,24.07265077,13.6950537615,18.351612905,#N/A,7.538709677,#N/A,#N/A,27.38709677,23.025,22.6516129,21.612903225,5.4258064535,25.112903225,24.78064516,24.22419355,19.680645165,17.701612905,23.632258065,#N/A,16.520967745,#N/A,20.99032258,27.708064515,16.30967742,27.093548385,19.90967742,26.95967742,#N/A,21.303225805,24.47247765,#N/A,18.0193548385,23.291935485,21.80011521,19.03548387,#N/A
Jan-2019,#N/A,24.633870965,#N/A,24.017741935,#N/A,15,26.067741935,11.7048387075,21.2,23.28064516,19.798387095,11.351612903,#N/A,21,26.964516125,#N/A,#N/A,13.8354838705,13.5645161295,28.348387095,11.7677419345,28.067741935,15.42580645,25.28709677,13.98387097,18.32580645,#N/A,8.714516127,#N/A,#N/A,28.94193548,23.32258065,23.30483871,23.45483871,6.622580644,27.25,27.24032258,25.48403226,20.880645165,17.929032255,25.867741935,#N/A,16.88387097,#N/A,23.64516129,29.73064516,16.15483871,29.403225805,20.508064515,28.227586205,#N/A,22.70967742,25.77599715,#N/A,18.23387097,24.488709675,22.435483875,19.84516129,#N/A
Feb-2019,#N/A,26.076785715,#N/A,25.45,#N/A,14.932142855,27.77142857,11.87142857,22.467857145,23.84814815,20.42142857,10.5285714265,#N/A,21.214285715,28.051785715,#N/A,#N/A,13.2500000015,12.6142857135,27.864285715,11.1464285705,29.075,15.680357145,26.49821429,12.9928571415,17.30357143,#N/A,8.494642858,#N/A,#N/A,30.74285714,24.275,24.675462965,25.482142855,6.4357142845,27.573214285,27.683928575,26.59861111,22.32857143,17.92857143,26.75357143,#N/A,16.792857145,#N/A,25.567857145,29.807142855,16.205357145,29.63928571,21.5625,27.68888889,#N/A,23.41785714,26.89107143,#N/A,18.6375,25.96785714,23.307142855,20.96428571,#N/A
Mar-2019,#N/A,24.31935484,#N/A,23.912903225,#N/A,15.3516129,26.982258065,12.0258064515,20.767741935,22.543333335,21.938709675,10.674193549,#N/A,21.203225805,27.372580645,#N/A,#N/A,12.9580645185,12.777419356,27.322580645,11.512903225,28.445161295,15.82903226,25.777419355,12.71612903,17.46129032,#N/A,9.040322583,#N/A,#N/A,30.30322581,24.38387097,24.72811828,25.350615765,6.570967743,27.232258065,28.03548387,24.701609195,21.158064515,18.382258065,25.12419355,#N/A,17.327419355,#N/A,24.08548387,30.09677419,16.58064516,29.74193548,20.927419355,27.485483875,#N/A,23.561290325,26.39703226,#N/A,18.63548387,25.841935485,23.596774195,20.38387097,#N/A
Apr-2019,#N/A,22.24833333,#N/A,22.185,#N/A,15.10666667,25.00666667,11.775,19.066666665,21.2,22.131666665,10.2550000015,#N/A,19.956666665,25.63,#N/A,#N/A,13.3583333335,12.1916666665,27.00333333,11.7866666665,26.966666665,15.33,23.988333335,12.8716666685,17.4466666665,#N/A,7.6533333315,#N/A,#N/A,28.71578947,22.833333335,22.907586205,23.28,5.476666665,26.081666665,26.9,22.627841635,19.503333335,17.456666665,23.48666667,#N/A,16.865,#N/A,21.84666667,29.223333335,15.9733333335,28.233333335,19.365,26.825,#N/A,22.16,23.36,#N/A,17.1999999985,24.12,21.946666665,18.933333335,#N/A
May-2019,#N/A,19.94354839,#N/A,19.78387097,#N/A,15.225806455,22.717741935,11.7516129015,16.741935485,19.125806455,19.914516125,9.835483869,#N/A,19.76129032,23.948387095,#N/A,#N/A,14.027419355,10.709677421,26.10967742,11.8290322565,25.58548387,14.96935484,21.556451615,12.4612903215,17.2967741925,#N/A,4.9499999995,#N/A,#N/A,#N/A,20.292258065,20.993787335,19.896774195,3.109677418,24.406451615,25.75483871,20.38034483,18.2032258065,16.9629032275,23.01935484,#N/A,16.57580645,#N/A,18.3,27.6983871,16.091935482,26.661290325,18.597903225,25.77419355,#N/A,20.66129032,20.808687,#N/A,16.81451613,21.64032258,20.116129035,17.99354839,#N/A
Jun-2019,#N/A,17.941666665,#N/A,17.3716666665,#N/A,15.323333335,20.321666665,11.733333335,15.1333333315,16.93666667,18.66,9.78,#N/A,19.5366666685,21.09,#N/A,#N/A,14.143333335,10.3883333315,24.703333335,12.0233333315,23.655,15.3716666685,18.923333335,12.8299999985,17.75333333,#N/A,4.401666665,#N/A,#N/A,#N/A,17.846666665,20.02782051,17.31666667,1.8066666685,21.93,23.74,18.813793105,17.3600000015,16.6033333315,20.80166667,#N/A,17.878333335,#N/A,15.12,26.00833333,15.275,24.523333335,18.605,24.715,#N/A,17.823333335,17.977984086,#N/A,16.25,19.551666665,19.053333335,17.966666665,#N/A
Jul-2019,#N/A,17.02096774,#N/A,16.3967741925,#N/A,15.02580645,19.293548385,11.314516131,14.0387096755,16.435,17.891935485,9.13870968,#N/A,19.422580645,20.124193545,#N/A,#N/A,13.3258064495,9.48387097,23.67419355,10.851612902,21.97419355,14.7806451605,18.020967741,11.903225808,16.683870969,#N/A,3.6725806435,#N/A,#N/A,#N/A,16.50645161,18.7730812,16.27419355,1.261290325,20.57903226,21.8016129,17.818399045,17.5548387085,15.8548387105,19.11290323,#N/A,18.00645161,#N/A,13.803225805,24.43709677,15.372580645,22.767741935,18.6064516135,23.958064515,#N/A,15.9483871,17.22903226,#N/A,15.767741933,18.561290325,17.703225805,17.553225805,#N/A
Aug-2019,#N/A,16.67096774,#N/A,16.725806451,#N/A,15.20645161,19.027419355,12.2306451625,14.699999998,15.867741935,17.68387097,9.7645161305,#N/A,19.8451612905,19.367741935,#N/A,#N/A,13.141935486,10.8951612905,23.587096775,12.948387095,21.42258065,15.022580647,18.8354838685,12.922580645,17.967741935,#N/A,4.756451613,#N/A,#N/A,#N/A,16.845161288,19.517741935,16.53870968,1.96129032,20.051612905,20.60967742,17.63264368,18.2290322605,16.2854838715,18.35483871,#N/A,18.693548385,#N/A,13.461290325,24.10967742,15.6370967755,22.40322581,19.364516125,23.37741935,#N/A,16.48387097,18.2387096775,#N/A,15.9967741955,18.62096774,18.820967745,18.632258065,#N/A
Sep-2019,#N/A,17.75,#N/A,18.935,#N/A,15.90962963,19.814814815,12.1803703685,15.4899999985,16.982758625,17.845574715,10.496305421,#N/A,20.376666665,20.353333335,#N/A,#N/A,13.9299999985,12.5009770115,24.64289855,13.997471266,21.93,15.19,20.546785715,12.8166666685,17.5516666685,#N/A,6.4116666665,#N/A,#N/A,#N/A,18.31,20.12672414,18.313846155,4.5666666685,21.283333335,21.17,18.568448275,18.268505749,16.963333335,18.97333333,#N/A,18.038333335,#N/A,14.63166667,24.951392575,16.2466666685,23.116666665,19.365804595,24.10333333,#N/A,18.833333335,20.87166667,#N/A,16.7922988485,19.941666665,19.587142855,18.475,#N/A
Oct-2019,#N/A,17.806513645,#N/A,19.711290325,#N/A,15.065698925,20.58387097,11.603225804,16.6709677435,17.887096775,17.998387095,10.404783091,#N/A,19.8129032265,21.45967742,#N/A,#N/A,13.141935484,12.250000002,24.87890819,13.1043778785,22.677419355,14.7410752685,21.128190745,12.674308758,17.3387096755,#N/A,6.2532258065,#N/A,#N/A,#N/A,27.2516129,20.846451615,18.69011494,4.4387096795,22.81451613,21.651958525,19.873470525,18.1264855675,16.6903225825,19.62419355,#N/A,16.548387095,#N/A,16.20967742,25.39032258,16.2758064515,23.783870965,19.00080645,24.673963135,#N/A,19.929032255,20.6516129,#N/A,17.051612902,20.472580645,28.60666667,18.01,#N/A
Nov-2019,#N/A,20.356666665,#N/A,21.961666665,#N/A,15.079310345,22.725641025,11.9949999985,18.91641026,20.3,18.916666665,10.8849999985,#N/A,20.508148145,22.518333335,#N/A,#N/A,13.173333335,13.5350000015,25.937857145,13.9106060625,23.67,15.154827585,23.25913793,13.543333335,10.28666667,#N/A,8.3166666685,#N/A,#N/A,#N/A,28.70666667,22.008333335,21.252183905,6.1333333335,23.911884055,22.873214285,22.56034483,19.56321839,17.83,21.085,#N/A,16.846666665,#N/A,18.38,26.46948718,16.845,25.110714285,20.201666665,25.75025641,#N/A,21.236666665,23.072252745,#N/A,18.2133333335,22.551666665,29.36,19.11333333,#N/A
Dec-2019,#N/A,22.316129035,#N/A,23.22096774,#N/A,15.113978495,24.441935485,11.7589247315,20.34516129,21.82666667,19.551612905,10.8225806435,#N/A,20.470967745,24.823248055,#N/A,#N/A,12.203225804,13.710483871,26.869124425,13.401223582,25.95483871,15.36688172,24.3259733,13.694666665,#N/A,#N/A,8.054838709,27.742105265,#N/A,#N/A,28.41935484,22.633870965,23.10080645,6.6129032235,25.22172043,24.80207373,24.076958525,20.07119048,18,23.38064516,#N/A,16.20841014,#N/A,20.15194661,28.014755075,16.351505375,27.183870965,20.26564516,27.218494625,#N/A,21.75388292,24.80128205,#N/A,18.0241935505,23.683870965,29.84516129,19.34221357,#N/A
